0.14332783160853646,0.0,0.17391304347826086,0.0,0.23149560873092323,0.22952397755422993,0.43080951203373874,0.43000671541817415,0.4140207378240761,0.44223920752343504,0.5785268945842734,0.6715952749572816,0.17459090147599188,0.6325728908571275,0.4355945917432671,0.04963076489356588,0.557786625251274,0.4041909502691423,0.4257522613379985,0.41719437184944486,0.3197101920248169,0.7986286932121167,0.8317928651542408
0.6534870475621419,0.0,0.0,1.0,0.6583407920942141,0.6078008608518677,0.46877209749968274,0.30387232869669356,0.431820914909973,0.4021301512111527,0.5689993328118534,0.5903995265533071,0.29549394662294226,0.7802253023118089,0.4620468008633727,0.04638730977249361,0.34057879720691364,0.29156103687107415,0.34270323579583706,0.35553491022645334,0.2830139022465925,0.6792283901103875,0.7476661220141834
0.26139489920057796,0.0,0.7391304347826086,0.0,0.35263869017290883,0.3081608651285479,0.3495194524832743,0.365447283279984,0.3959754819755479,0.47054469980948277,0.4912960704918783,0.5735819061580416,0.24999374611975123,0.82426245498526,0.7877896302051715,0.013258529969959909,0.5354381450482713,0.38722277991420806,0.3786631113961567,0.4744102026685808,0.5024621720322202,0.6214396525532868,0.7041715458258868
0.5897858336115265,0.0,0.7173913043478259,0.0,0.4660130196265224,0.3652133636428547,0.20811984948636897,0.19525439200033556,0.12032225573943511,0.07834007130765575,0.42573103115078403,0.5385695728237765,0.025376350932889036,0.7049538349437763,0.32489204450523856,0.09260395335469718,0.45671619492735793,0.12634473605101681,0.2546713920582302,0.29636321876857386,0.39048640985166316,0.5764744841579608,0.6897276617311179
0.4552443590617557,0.0,0.6521739130434783,0.0,0.47549364890730716,0.36251437051387736,0.5094515475768777,0.4492779722598934,0.334937931139464,0.37526103835153946,0.5528476280311052,0.7341853989455267,0.25605432461504485,0.5533881711206041,0.16601080618994657,0.032692743636453914,0.2165868201384944,0.5674580625960419,0.6493512469379197,0.5644422565841221,0.1425322124877062,0.5696107804555848,0.648959216011284
0.10571118720900599,0.0,0.826086956521739,0.0,0.2471672132544418,0.17748675532592095,0.3679921267736481,0.44025236775197074,0.3948586737839299,0.356481407808363,0.5216053927207467,0.5624835026429713,0.0969988197222369,0.6600649402488747,0.3865003674358143,0.06357594715249648,0.406435737945813,0.33034919785358263,0.3311835521459703,0.6105016814971882,0.39631558139814294,0.6537394346821153,0.7123182961323753
0.021691441131527975,1.0,0.6086956521739131,1.0,0.4596313701688439,0.36941259497384316,0.21901738392337977,0.25399196211871766,0.18669267985762095,0.2039830963237711,0.48464777067133014,0.6412736818187443,0.1694847030089126,0.6299029960475571,0.17844113940872486,0.03991814402910576,0.13375194692110526,0.5066240007296332,0.5610482988021124,0.3667794872238406,0.4602505253606295,0.6769963532793153,0.7597546871153282
0.4662273304401256,0.0,0.7173913043478259,0.0,0.3725732253591114,0.2985307790622511,0.37836767566050233,0.18263462970001942,0.1523854586600839,0.1761784846223139,0.806502208622832,0.6912868797043674,0.20496732442325927,0.5288676388834459,0.13705786016067578,0.05332839943225576,0.8411379273052839,0.12732998078112745,0.3509378836494872,0.32533162661008364,0.3712853585010587,0.3575359137907703,0.5511513057920694
0.4431630805235835,0.0,0.5652173913043479,0.0,0.21632303983589418,0.19930235712318467,0.241312716797776,0.3365627369212594,0.21695254960561605,0.2837571991801212,0.37829798003036874,0.41717677858979485,0.2696802030957084,0.7344083165321849,0.44249595548932796,0.034001649640255205,0.5074593418208133,0.6136394592314489,0.6002026048792151,0.2577212169436489,0.5167045513709154,0.6553519591825399,0.6803485738884887
0.4412410680488427,0.0,0.08695652173913038,0.0,0.4731028875968515,0.39135060351435813,0.17118987307931377,0.3005221804694749,0.137034546972161,0.12965189581996894,0.5875339345695494,0.38601978524783864,0.13109194265229718,0.6324019037914714,0.3235807763377676,0.08741976844824761,0.44484346029618926,0.08921685044501015,0.20175171865482877,0.420469675631288,0.3166255398784905,0.5014048254297154,0.6099984762312896
0.44481059137311246,1.0,0.9782608695652173,0.0,0.6159681622951867,0.4445567345810004,0.27510610141624503,0.14333396798732023,0.18983202210275552,0.14513406251459282,0.3323833571067043,0.5654201819431361,0.07898537046849485,0.2975166233392994,0.10317407492430553,0.09218486418181204,0.3103378305306217,0.5719009643037796,0.6461862276119474,0.7425425755856891,0.2539346979455295,0.3722281024236487,0.4547930574988155
0.11477214611263509,1.0,0.6521739130434783,1.0,0.1746380245592576,0.14105714845935635,0.6163820586682351,0.5210841448083356,0.738378674595785,0.6764731432787173,0.5640586895504534,0.5102140852787069,0.2575181116162222,0.5210620357911637,0.33694022636581744,0.1498313574800737,0.4776141701294083,0.8940591902872392,0.8704860999106281,0.6899289393858581,0.28904846934542894,0.9100261965214103,0.9350966122097448
0.2992861454449718,1.0,0.34782608695652173,0.0,0.6432275906287463,0.5927807222980128,0.15592196282607396,0.17151123028248083,0.12180287650415189,0.14908580162676632,0.0,0.8744174261607252,0.4215539793250507,0.9730569090822005,0.8950840574512953,0.0026178120076025824,0.3411306803548557,0.42789172628437355,0.4179288952223008,0.8005432972912976,0.17086650032869,0.3367781056948529,0.3795427528144617
0.2408017652288521,0.0,0.6521739130434783,0.0,0.5957772995013486,0.503476691527073,0.3923834221132061,0.35437680988080666,0.3333106690447256,0.3215765529450344,0.4425481985920028,0.8989067917796938,0.3409592770059602,0.7833869663730277,0.41024944431841903,0.05355808103414139,0.6495753844507206,0.42326701632254116,0.5485281616512747,0.8020100125842013,0.2102512405262016,0.3365168574570465,0.4026660123805512
0.2657880276201351,0.0,0.6739130434782608,1.0,0.41019087327044357,0.2969368468098499,0.6329475808877099,0.5739194328530357,0.5549641134669003,0.5621724547505264,0.17660642801269955,0.6264656940829945,0.2930325709663797,0.8550270632753751,0.32121768636330916,0.10924011875655326,0.7983909540220031,0.549647754008032,0.689576213779219,0.5395220310006676,0.055057164614523035,0.4632946225881589,0.6310409172143951
1.0,0.0,0.7173913043478259,1.0,0.5516945385107785,0.4578813130616681,0.4627224787964257,0.3137474989019573,0.31407528433956866,0.35207757179353594,1.0,0.9431171129655149,0.38922331355591044,0.27479682585301224,0.23512088706204848,0.08447019412681012,0.20913138052175828,0.25782900543684684,0.40970065140955314,0.21559321366089734,0.40433258746331924,0.2898103328831316,0.39195744327708537
0.34431633811825374,0.0,0.3695652173913042,1.0,0.4476646424701318,0.32602016008837476,0.4932997373363366,0.4040702170172956,0.40133829241498975,0.4065585095046006,0.516742971517969,0.614374154666441,0.21471579714989808,0.4539215985113385,0.20653016980832217,0.11419960647088034,0.18860355724923572,0.5592814913797088,0.599181990508737,0.514411769086879,0.2818679209335828,0.34561909558817594,0.4189192677361544
0.4489292181674576,0.0,0.6304347826086956,1.0,0.7373256649239415,0.6386840066144974,0.6203079781581466,0.4106894060669717,0.4599161759594479,0.4561316001125938,0.3963672755717109,0.35485919792795184,0.29493829883844613,0.4192762515222641,0.21062290218600555,0.7218663464416,0.7008704144921172,0.37403478117906563,0.5565756691985557,0.34942491787115104,0.23872999181278454,0.7273451174362362,0.8062376818287667
0.7814387793727513,0.0,0.7391304347826086,1.0,0.40115654737189077,0.3459002997076217,0.7110786587444278,0.5750913661167627,0.6413396624204954,0.717762138593136,0.4528418764091473,0.0,0.19936763795112267,0.08542415097954703,0.1546001469743259,0.04600351022073157,0.20566733821740701,0.6419679453447187,0.6368761752600991,0.5668062989235438,0.174688345146915,0.8547930313488925,0.918286584534886
0.2528830437670242,0.0,0.6521739130434783,1.0,0.3401753713869238,0.2678996249593397,0.5086401641480809,0.5382864754777259,0.6370066394526068,0.6777516931459447,0.543167648276814,0.1782932518272382,0.09004298879380457,0.17552243225472153,0.03194540850123784,1.0,1.0,0.6208238854043975,0.6564983937716669,1.0,0.19871819444150418,0.6805612938554233,0.7514058778614725
0.4404173627339039,0.0,0.6739130434782608,1.0,0.5064778596155852,0.35539022249692387,0.2620063360089828,0.17166038542513684,0.05255544082464192,0.020881763746628534,0.3309362490222245,0.48216987615551377,0.08487993686992112,0.42395444602658316,0.21367784912175392,0.022801082773301617,0.43881176770959573,0.4706877692247231,0.6789991100755013,0.6104788579176916,0.4688591163871896,0.2347275086776539,0.3449384927568251
0.3813838790477089,0.0,0.5,0.0,0.4840425587641515,0.45056033197917733,0.7157103615134239,0.4050373197164543,0.6399191696751818,0.6324303482502703,0.3448315925090881,0.3525915975191969,0.29506186035123294,0.6516732202031814,0.31918648850444353,0.08629907375710255,0.6588280677734817,0.3792991201800564,0.6338835906650906,0.7164907809556209,0.20873508951298358,0.365350731360633,0.5117453701994692
0.4923118999912108,0.0,0.5,1.0,0.24743331902694665,0.1869222751182229,0.9268030557207878,0.8190266973958336,0.8973990191775401,0.749496575881191,0.21664231813371426,0.4345139284614701,0.03300987506642361,0.5848576293180405,0.24741176220224248,0.0653356431752764,0.5675911917219763,0.5216975850703625,0.6267483031663477,0.4251809429357656,0.42358799139741654,0.5278245057120607,0.6354798303259948
0.4406919645787673,0.0,0.5,1.0,0.8895702950526321,0.8411232254327969,0.12038049471665091,0.19652392909013283,0.08645216778000764,0.14408116978573526,0.48965513274743433,0.8133838939473017,0.3489824368301244,0.30769833701289384,0.19755912139599374,0.058581568569827214,0.4070979977233433,0.5496810555199207,0.5872564804150198,0.3915401879990257,0.1721317712591548,0.4880955048274911,0.5701406835421046
0.5409116159887626,0.0,0.8043478260869565,1.0,0.34009330464605947,0.28352348566046537,0.45611110739802574,0.4918291163210782,0.2699344680699922,0.3872915638926665,0.31058125891501387,0.6955926649306421,0.22411102039826236,0.9650068728671981,0.5857456637819676,0.1742625416223137,0.5794962589012069,0.4737668090131293,0.5328396845606638,0.6431055251801743,0.16556054391488484,0.7287358273951268,0.7912767155651168
0.8569466700166757,0.0,0.8478260869565217,0.0,0.5157520997736,0.4878705873596907,0.2475461332299611,0.30029947878182206,0.2779989801070126,0.25083734450853556,0.525204182579488,0.6635896891169155,0.2134430377635823,0.6326756572768935,0.3504925632168452,0.08508327652767678,0.13407081273991572,0.861668519750797,0.8238917214251693,0.6861707367115115,0.26824887990768076,0.6417238081837471,0.6903585408346418
0.3039538757093923,0.0,0.7391304347826086,1.0,0.4776148122435191,0.3353532964627095,0.26179814330876017,0.25435694544014886,0.1159042416892676,0.15519106637737334,0.3208128192150195,0.539703073529993,0.21479615003551444,0.35434151835933725,0.2619054410837165,0.028111672311344593,0.7146162070799367,0.6343301985910164,0.7263733584308485,0.5428559553445855,0.2921983445919465,0.35265240899554295,0.4166266758333337
0.7424492259685553,0.0,0.8478260869565217,0.0,0.4692300358684043,0.43022683405159157,0.33147419145708157,0.3803249932467776,0.24510413310364587,0.21276233294523783,0.4603195601159529,0.6631735863387307,0.26024707754280874,0.6424129207000309,0.3582057722060956,0.20915580248099985,0.4670157838580318,0.42060139530334695,0.47883322169745957,0.6590659341979386,0.20027325046185407,0.6315658224569527,0.6802009154269508
0.7300933455855199,0.0,0.4347826086956521,0.0,0.47392739642740755,0.434326326554745,0.21317295032114503,0.16970418479841065,0.22087837649273512,0.2449859114291818,0.4722397966226479,0.7818245747425612,0.28732220976499834,0.57131046054742,0.26334031982084194,0.021232588709035882,0.3420170381379126,0.619825140061359,0.6645323816770428,0.3601274949175495,0.3027250096833418,0.22787904072156473,0.2966974741798918
0.41268538255294135,0.0,0.8695652173913042,0.0,0.2903982262408924,0.16450521796523,0.18439991712393322,0.15453710010784594,0.1367600384616361,0.19378026316578956,0.4131413058482494,0.6190463259761942,0.19849361080852423,0.6118544258506902,0.2861521297467253,0.12106991751200591,0.4364916286573415,0.6942897207533223,0.7777411192555752,0.6523142388864782,0.16161340208839792,0.4126288204754094,0.5109457385684735
0.698517240235424,0.0,0.5869565217391304,1.0,0.13552676196419577,0.06656244462889438,0.3536445418758065,0.26324370506873196,0.0841794808693953,0.10492143870643422,0.4626529931440668,0.41744952158163784,0.20736957248474575,0.48743070887057094,0.08721382228784624,0.08402079974256527,0.1891833132834373,0.39907061780604836,0.5331800474752899,0.615405387614052,0.4374232984923738,0.6781887744813797,0.7425097331073305
0.3591433344461055,0.0,0.6086956521739131,1.0,0.2713699174059365,0.1675045609734811,0.5004377727725389,0.5676040528957751,0.8163969362617625,0.7900092062894949,0.4530707909630518,0.2963801853614083,0.08541663350215023,0.17650597075801855,0.10609635557101083,0.1278140232979288,0.17496814129100535,1.0,0.9999999999999998,0.6991201149731809,0.16691878636974522,0.5540981020741229,0.63118635524794
0.0,1.0,0.8478260869565217,1.0,0.7038270689636503,0.6707300164380166,0.41366084974702777,0.409000584935606,0.3130962378126594,0.33342446577302975,0.24996664059264706,0.15069150132038756,0.2854134497085692,0.1918204897081175,0.10187140969025377,0.3160576349294676,0.48769858037815705,0.17230832279785502,0.16058322312057993,0.9959114560434674,0.21837237469870074,1.0000000000000002,1.0
0.08923668003162533,1.0,0.6739130434782608,1.0,0.43633105094668334,0.31119761019723713,0.5215999091036687,0.4477073754812313,0.6041995742834745,0.6099608974006124,0.5672151796806704,0.620711535750696,0.19510666087519413,0.68759559962319,0.2951435535276783,0.1639972494033164,0.16941251760172804,0.5916421605540891,0.6627575136002852,0.6260286827527253,0.26370157113294246,0.5560030184702056,0.6315410686198293
0.034321823139775456,1.0,0.826086956521739,1.0,0.6502643771326437,0.5754333444280189,0.44461973920773157,0.4147867047092473,0.49160186625194413,0.6193730175107331,0.6988629043390233,0.9999999999999998,1.0,0.5205624284227532,0.35603647462655363,0.03969663685923175,0.20726947171961196,0.778245232333548,0.7498138084404309,0.4128960912097508,0.3315699257429283,0.6987086360691059,0.7341253970055863
0.17353102795396672,1.0,0.7391304347826086,0.0,0.27052061394303406,0.2772078266267157,0.21262757233276108,0.1302509311886153,0.14767593788293554,0.21411758015198068,0.31971368425896163,0.16976374387076998,0.27484856134222646,0.2817570735375019,0.1486165803883004,0.045931934096532845,0.5981153469226674,0.7296514261747484,0.75183558787198,0.49509845611698333,0.2996317755501483,0.47230746273739777,0.4904839395055496
0.6699615547395226,1.0,0.8478260869565217,0.0,0.3841341592157632,0.2334833067803892,0.3330050594502112,0.2102221449334336,0.14271778647703082,0.26569184522059486,0.39702296047485497,0.3162542843211915,0.2259000091723573,0.28751547665184685,0.032467470723991365,0.04131856379615839,0.6063523422701245,0.4910115919262734,0.7147725569295516,0.6736290596541101,0.28772913189770044,0.1455744190027397,0.25909757920613563
0.1636463637353989,0.0,0.7826086956521738,0.0,0.069636597994847,0.05879868359859186,0.5649604667793964,0.3730583196607786,0.6793342280653238,0.721346043526001,0.406583881654627,0.7540407293538947,0.31137728636176565,0.5652176311179045,0.3276553972766738,0.016711330301084293,0.3160261291584954,0.44247448834177083,0.4837844940617937,0.5642354028794228,0.3500357868852366,0.6066526886162984,0.6741433103084202
0.05601326427130343,1.0,0.826086956521739,1.0,0.32690186179751324,0.271233319719991,0.47600169762266,0.551717999176554,0.49490408692938637,0.5218573069477094,0.659311875949018,0.6532362373606782,0.6364297242000907,0.2462094722189565,0.18863289879463863,0.12109743145389851,0.09967455618003207,0.35578135247340237,0.41665591420292936,0.6164228387631829,0.2343969466434992,0.5736195741698535,0.6438483458782889
0.29104889185628147,0.0,0.8478260869565217,1.0,0.3652326173039291,0.2455158140822915,0.21110739802567813,0.13860568123002803,0.12034077618423022,0.23439098268857583,0.5794586573413696,0.21754568045782485,0.17413607382156027,0.15195437635443398,0.05958572800512951,0.09312412635757883,0.25966938297234243,0.6192962160482085,0.730691105119248,0.6401269279317852,0.1789678959313945,0.4694323877909692,0.5259108681346096
0.22597476890100032,0.0,0.7391304347826086,1.0,0.4082869248823915,0.3738260381055216,1.0000000000000002,0.9725197115050852,0.8719062611788646,0.8372104186292099,0.5337798509179592,0.5009777616625579,0.28583643942718995,0.31836049821392565,0.16015628360520884,0.08139999708910473,0.2630665303496711,0.5117386329339353,0.5392185836728265,0.5316106576025823,0.18863579020360488,0.7689510278303315,0.8133252879825719
0.09445361398577262,0.0,0.7391304347826086,1.0,0.3847519297033757,0.35041914864598844,0.805521952132388,0.8730985296877165,0.7701612800925515,0.8146428786650698,0.34715524777987383,0.7077584798910943,0.3484502884744396,0.6820525995694842,0.41771407381045234,0.03999350830472448,0.36207213725947085,0.31771772438468715,0.371234423949405,0.0,0.2116029034577971,0.8670217342401891,0.864612733765965
0.23009339569534548,1.0,0.7826086956521738,1.0,0.36490435034047186,0.23967618127229695,0.4496671590217949,0.32662089367987734,0.4042627467595563,0.47970794487913515,0.43581822573965834,0.5666000050315689,0.11289504624460145,0.5219094233033019,0.19986832984008984,0.0527350552940512,0.11672830290914948,0.7690060128729845,0.8004590985766902,0.6930764311225213,0.17962670645657197,0.618986697401051,0.7106624119565605
0.38550250584205403,1.0,0.7391304347826086,1.0,0.39065794128421505,0.2737649480734725,0.4775382466365017,0.3176358428743371,0.41254214669714506,0.33460518740107925,0.4989905903464784,0.5888153809476842,0.19338817038753575,0.5110240209248689,0.25447160103760447,0.05147399962397614,0.5703918593333483,0.013868729640325705,0.266714546755191,0.45946268008404845,0.5083176616717597,0.37196618202056464,0.5222613171745389
0.4047227308091144,1.0,0.826086956521739,0.0,0.3082824897861829,0.22753411237921295,0.6794654493687384,0.4075172817196968,0.5202167145745753,0.4865874875334214,0.3637636313440398,0.6107486295962485,0.38616990390249706,0.6959966092887491,0.3974854078401704,0.1423027055974323,0.5977764126257483,0.2795355909158277,0.45026669272557873,0.6793467266902784,0.2694100227308227,0.5612943035337075,0.6851324859995076
0.7564525169814684,0.0,0.826086956521739,1.0,0.21149262639063826,0.1850884407609925,0.7845489603732096,0.7050281779496461,0.7802196575493647,0.747742189458603,0.4945365343026733,0.6517343539165772,0.31595285256534167,0.451098424973982,0.294177761054883,0.13337782085193928,0.29957778151893866,0.4559739012151154,0.5126897256414003,0.6207244828777507,0.21676439642600287,0.8272532996593467,0.8565950458365728
0.2531576456118876,1.0,0.7173913043478259,1.0,0.44089535861943485,0.3205696598263712,0.6183851197358659,0.48271346884685196,0.6604388076892826,0.5568602509255204,0.24881804168775634,0.7621273793631393,0.24311978416911684,0.8027468244740843,0.48790902986531015,0.10388187826117479,0.03960737137499226,0.4169247283826687,0.5040082180447847,0.6877844839060132,0.25289398900475835,0.4910823832650564,0.5553856619748099
0.40115320748484457,0.0,0.6086956521739131,0.0,0.349352179116424,0.25489126389873773,0.26667312743532023,0.1831020283037348,0.27848761540393596,0.26421894325153417,0.44889798923296365,0.1048349385769205,0.11314823363890136,0.12344656509047947,0.11508959049584155,0.053587389363548676,0.10937320568294684,0.7816050848708533,0.7954134259057215,0.6512458551178391,0.3994726083003832,0.5129822001672351,0.5740566858613412
0.28034052232277484,1.0,0.8913043478260869,1.0,0.45523154519799514,0.36550389075878176,0.280382098769558,0.32234557115765705,0.284837337216707,0.33568103715673037,0.5473847374959737,0.7112855698990772,0.49300512969789567,0.6057906264832551,0.24264392594413797,0.07768242491136224,0.41379083517201476,0.6886338639774245,0.7006528326733217,0.8357831442820207,0.17050891754255382,0.6744306984155719,0.7428047724769069
0.5576606247913554,0.0,0.4782608695652173,0.0,0.3660616659967455,0.2524827978856883,0.40115725733687113,0.29167528719238467,0.38142703832717273,0.4175797084927172,0.27769751069801707,0.6194995665263283,0.1038977971938646,0.6038534504406041,0.2806978699589642,0.09475502523207913,0.39495099389137867,0.6644818674767836,0.778382946466013,0.6668451710831493,0.1466238177597925,0.44940096630480286,0.5569360758209547
0.19824278872003775,1.0,0.7826086956521738,1.0,0.5226170699519437,0.4514987836774389,0.5890232654507057,0.5111856046728862,0.618156378517299,0.5736467941425146,0.558466387521281,0.7020300784006319,0.23908470482822253,0.6112929844500476,0.36975498392836204,0.12542629164499286,0.40165163574820273,0.41410130019902924,0.5003944414822459,0.6130194826879549,0.22393893744704196,0.6230571062657455,0.7115530811352717
0.3088962078186762,1.0,0.7826086956521738,0.0,0.4748811167223028,0.33352059550125013,0.48383315176345554,0.2984106385421015,0.5903049277068391,0.530358711369911,0.6380579073298671,0.7078692942106206,0.12464930892728132,0.5930760398931116,0.2543882884192292,0.14791973664771318,0.4313384894456531,0.08361229599823838,0.22444408181233388,0.5367248211472235,0.24999356350984958,0.3712061871469452,0.5028497805523258
0.3462383505929947,1.0,0.3695652173913042,0.0,0.3964843306654071,0.2770521736075193,0.5455758215758484,0.39314958611166295,0.4115318944892796,0.39494877582958987,0.28304134265863024,0.5326676620654431,0.1842870690223708,0.5156308014764692,0.17212160563338208,0.04062154393488049,0.39492200608966854,0.378458182001463,0.5316959702928401,0.5577895435332154,0.2769235522331188,0.44555595686312155,0.5968771345598793
0.5944535638759469,0.0,0.7391304347826086,1.0,0.5165682273199828,0.38507990251285173,0.2384568342679172,0.06667303611822728,0.07811593798441752,0.03782926702648315,0.5473692081166899,0.4320540502334287,0.08383459131082072,0.3599855430290839,0.17405862401060634,0.05758508536997975,0.06953281697882474,0.5770479979791083,0.6223907091123333,0.7054477722024179,0.4915284346970874,0.37034424720625725,0.4143948681468226
0.3676551898796593,0.0,0.5217391304347825,1.0,0.37818170135179585,0.28385065923965014,0.21369560422667955,0.15405045567927145,0.12853645356315602,0.15997317158368796,0.6829079050292179,0.7249910050719013,0.16184966278319646,0.5788347623381396,0.23481480374671326,0.04091961163871638,0.2479739198977846,0.5930459242849626,0.598550362326403,0.3445824750466202,0.8804343286340279,0.3273084172120917,0.37128636887581656
0.21416809220769162,1.0,0.8043478260869565,0.0,0.3652532212941888,0.3046091805813038,0.13048836727464752,0.1635846998441779,0.0652513325840588,0.08040437759195929,0.17712982561082313,0.6570117111767522,0.07276484424805973,0.4162164829789492,0.29574983394074583,0.10890416953851745,0.3019012653175448,0.7951549000324616,0.7770169882602069,0.7157733998148164,0.5441591855580037,0.256181680000932,0.3241577847233996
0.010433867908294606,1.0,0.5217391304347825,0.0,0.5505442072579823,0.47474624213187244,0.23970097780391808,0.3040448537695353,0.2953632924784162,0.3511032025313253,0.46292216905167205,0.5052170582971174,0.17754273295324907,0.6415228589966342,0.1771946196348828,0.053391402371661956,0.3842790232002766,0.4559745012423566,0.5580891575318161,0.43611752173405405,0.5588727159757119,0.38643700422209437,0.4982218535078182
0.5678198908547865,0.0,0.7608695652173914,1.0,0.6416641319102374,0.5914142247969614,0.12264789033624957,0.06148353691521047,0.10030089380174001,0.16586034457975452,0.5093032485160816,0.7667688021950418,0.44053772757491183,1.0000000000000002,1.0000000000000002,0.04707974397678938,0.28706285558834654,0.44960161191318115,0.48058271079730774,0.6503172958046415,0.3689996893320755,0.7962472116343748,0.8494658066578977
0.4654036251251869,0.0,0.4130434782608696,0.0,0.633427774109026,0.3887959294468688,0.4592523776742572,0.37972837267615267,0.6484456780131878,0.5792957879855966,0.5063106796116505,0.4409441539755983,0.0,0.29943144623414786,0.12176093896943208,0.05972359653475856,0.633022234758827,0.5059537703011716,0.6297062585031432,0.24206976711780492,0.1638615965813941,0.4975107479227854,0.599897471737421
0.5016474607397032,0.0,0.6956521739130435,1.0,0.3846813872282495,0.2568059471542887,0.6778446875772783,0.4430608834795904,0.5047430098006134,0.52145268935047,0.49623843923986577,0.5194557998617517,0.11276542036308879,0.20777889543516825,0.11522452071473199,0.15404976315081687,0.22964136514707434,0.5926961084033218,0.707410993318925,0.5331273445221729,0.18322027042412747,0.42977463642580127,0.49250869228170924
0.34431633811825374,0.0,0.6739130434782608,1.0,1.0,1.0,0.5484557648993122,0.5931109569917679,0.625717286678726,0.5636946621521325,0.30378284176137704,0.803128078591512,0.6761687744138216,0.3071337023054226,0.22462259157483055,0.02341795332558827,0.8612309335521546,0.437356555987642,0.43483556320456285,0.7345247722326893,0.358759948668276,0.7424063248063939,0.7918995456171669
0.3618890522357852,0.0,0.5869565217391304,1.0,0.44918165490551276,0.30737655525512153,0.2650560415984389,0.17925630008640026,0.058614670729325025,0.0568282937007224,0.4138084939953064,0.38938055394381177,0.04337160708045351,0.13819209482379513,0.03563199186434196,0.03560822459511137,0.18111912983078948,0.46317872831426565,0.5479202521389495,0.6826280366772521,0.5059850776412353,0.34440785375834504,0.4088901495985606
0.11394844079769634,0.0,0.6521739130434783,1.0,0.42217471275767604,0.37368625262711674,0.7799015512528322,0.8406755009585112,0.6965097841226511,0.6538127317061845,0.5459531587907787,0.6006709158134629,0.15417520416076336,0.1233228970260154,0.11978000035317327,0.268391126235361,0.5403694160853316,0.3592033078301755,0.46230012276783583,0.5690742419808754,0.3228878156955386,0.6369951254574089,0.7265234842178918
0.28940148122640397,0.0,0.34782608695652173,1.0,0.6154837939139997,0.4769597640723364,0.5488470869730853,0.5670974752914542,0.8207550759972497,0.8014337184983288,0.1945330833294996,0.7725856554756847,0.6850083498776893,0.6307428357435543,0.1910657178083892,0.21875278503895512,0.4830594171890974,0.9466626784856036,0.9178411361432681,0.6158303866890962,0.11350192551178684,0.6793525166316094,0.7499134726966461
0.4898407840463946,0.0,0.4782608695652173,1.0,0.40003135997161543,0.3011719690069148,0.24057084232828285,0.2190656014560841,0.14384626508591714,0.2412063500179612,0.4725561358303043,0.24870566878138978,0.09549864650870488,0.18606440899873866,0.040527966551795025,0.0994969933043427,0.1944189562384535,0.6453445986447788,0.7845924942743128,0.6613398834604007,0.24344093047045878,0.3534316726071143,0.44183741526638576
0.4788578126680246,0.0,0.5217391304347825,0.0,0.44030866872729835,0.3464428184832671,0.26857526684088473,0.2609871321040296,0.1021902328755655,0.08988484703185218,0.3081028850135743,0.46513402143368565,0.11923837593173303,0.11605522098409016,0.03597339248529252,0.022223688746339176,0.10107043032391605,0.4787707361914233,0.49852896808605496,0.7601006351682051,0.3651174845395506,0.2925680029611122,0.3579585274010526
0.605162033629105,0.0,0.6086956521739131,0.0,0.39958191360781736,0.302919665285561,0.2613159249035897,0.3010864955483723,0.0793230650575022,0.08388784553260165,0.12768830810288545,0.2995728357564065,0.12429681749509713,0.1918434234571611,0.1566105166785976,0.050073181104142384,0.4373222406678794,0.3360122549563751,0.4962882653303251,0.5902369856345988,0.2169085738053731,0.27747632409837997,0.3361214507499355
0.3693026005095367,0.0,0.7391304347826086,0.0,0.3128977836043223,0.28918177514712395,0.3026657354248401,0.0,0.1294990092830559,0.07049163777255274,0.19688147057470218,0.4454030825948041,0.21119770524287418,0.1929108588398718,0.11369908478372026,0.028047672489985853,0.5977697231330463,0.253542110811831,0.39954313097829064,0.646398367080999,0.6342254213326453,0.30082869016496727,0.3162752653480836
0.2111477725731486,0.0,0.7608695652173914,0.0,0.6467575081464334,0.5539645617366342,0.17768795824115613,0.20113124209116862,0.02182723215758109,0.04125899465440408,0.21420248009938891,0.6511357569256953,0.24496865858437955,0.21671841275232584,0.18965755344346014,0.07008279503369363,0.4996315204436472,0.45814179963770374,0.5578920553840432,0.7384513888988993,0.3824839931641615,0.23473579871607453,0.29565942409314205
0.13948380665905466,0.0,0.4782608695652173,1.0,0.4955626338604575,0.3607345613550579,0.22320329365530256,0.24933584720464763,0.127992003227124,0.19555838924108515,0.4163012469516403,0.5175733540878904,0.158852348540496,0.4956331529114977,0.2612063395469155,0.05385295871572893,0.41877896689704563,0.6178411499882093,0.6453174127295256,0.6277385292293176,0.2985607435891129,0.42306396235157506,0.49979891248987984
0.5856672068171813,0.0,0.6739130434782608,1.0,0.33872296468371266,0.25393278887519166,0.08173919436442745,0.09498089508207341,0.055776222285930266,0.061614833787213,0.41198983113237997,0.595947630150919,0.31470283456174686,0.3028291247000834,0.1591126119456714,0.06476203729973384,0.5694241127224116,0.4663138706497276,0.6831064721609226,0.35191124654703243,0.3329367501846556,0.1776042147451553,0.29150777885314305
0.16392096558026228,0.0,0.6739130434782608,1.0,0.2840417206357344,0.21495757510730407,0.316979568376097,0.3176750218749427,0.29601074693207563,0.3381966577177743,0.2980553766162064,0.1843722658313729,0.18183858014935028,0.14082105724583105,0.11174033267996353,0.06421634411886501,0.4516065374182352,0.8041571087327366,0.8685919269237268,0.6658392518478689,0.17299769373406249,0.3238346670586141,0.4330933698297681
0.49093909120619666,0.0,0.6956521739130435,0.0,0.5803120841005991,0.47369218406498437,0.6922183383348595,0.517977318795404,0.8331041534000239,0.7509822607401712,0.4263418534026595,0.4869945918618763,0.1925285461206614,0.2302350999577616,0.1468258118792023,0.0630589641718633,0.5175671652940199,0.6689907721810573,0.8005682044587303,0.6182340699823801,0.15912691442672044,0.42551243640196224,0.5711160065380501
0.6392092549240169,0.0,0.3695652173913042,0.0,0.11401200549113799,0.06325217338084022,0.12835163513143222,0.2257439026821122,0.13046740021158976,0.13195985963865098,0.4597501495421712,0.7643754125587165,0.37266152256589535,0.45273078536478484,0.068409620977393,0.12101568713378297,0.38841312969030994,0.4169466293769737,0.5240277242789997,0.38131306215076943,0.2965036413370279,0.3735829635677457,0.4790842621892475
0.8758922931388726,0.0,0.7391304347826086,1.0,0.38431680136670776,0.37899394502199346,0.2943714451848336,0.3543094494938006,0.2860163030655143,0.2068555943013356,0.08261859844476138,0.7605871601544454,0.2878308586918701,0.8972367735408404,0.7078670203830664,0.051342809959010194,0.5997854902673465,0.38854433991303217,0.4499917933401769,0.7199369012113794,0.30354516156162425,0.4987318481766845,0.5562466329291134
0.4352004287797566,0.0,0.4347826086956521,1.0,0.9364834855525865,0.910839910491958,0.8359591902206243,0.8116637946855407,0.9623953785147619,0.8613272970266216,0.4043246445497628,0.5311787568749802,0.33827655189090766,0.43574152213324524,0.3054131921003338,0.08963204887752096,0.8344562390111152,0.8144163745034025,0.7462249364814018,0.7851659706676162,0.4839657018034189,0.8190575884323048,0.8890793522678484
0.47116966254940956,0.0,0.7826086956521738,0.0,0.38695481056027825,0.27215628167605077,0.2916786413671879,0.26448574812301695,0.16895389931474358,0.23383114428517426,0.3191390972254178,0.6966003764092887,0.2488801764124866,0.6317504691983789,0.4194998616738863,0.057976859977362794,0.8024001899815936,0.47101088389412893,0.5480115690184835,0.4683725250230517,0.33706010880815085,0.4990038510589294,0.5810646341608963
0.35667221850128933,0.0,0.5652173913043479,1.0,0.6147584636128287,0.47282022491861264,0.2517891873466962,0.22979239941135265,0.11355265260973368,0.1026244316505397,0.27255326001932545,0.7822007444326287,0.2891665359037159,0.3480910556927226,0.16834627622026965,0.025294683289606823,0.5050767675033363,0.2217373668764564,0.3403247275673562,0.48122556375442604,0.4772454339538874,0.2059400141782064,0.2571943948625952
0.3168588595625032,0.0,1.0,1.0,0.4107227355952787,0.30462655931645655,0.28395646333068214,0.2689638391571427,0.0864465862760968,0.1443483060975167,0.5075610822251884,0.36514616109247333,0.21891158226202423,0.4232292750758049,0.21140124126745663,0.05346018722639323,0.42502026358831113,0.304614329490559,0.47579628318953504,0.5080514381017318,0.4226127916230653,0.3360279692453021,0.4623538923686388
0.42147173961170703,0.0,0.5652173913043479,0.0,0.5001559268076421,0.3972272605861997,0.313137527486115,0.19597748513431856,0.1006725712212585,0.03165565294610395,0.38273593153269214,0.45043405270129355,0.17815220201018622,0.21629689625091286,0.12432914098804271,0.03353132073500509,0.42164318468908935,0.32220352804017316,0.41373187656424615,0.7636772101994014,0.5938531805129397,0.22762339386106967,0.3451943970830236
0.3778143557234391,0.0,0.5,1.0,0.21713043687792943,0.1565264895370566,0.6900829429024002,0.6467208894870371,0.7697583969920769,0.7205741135000622,0.44617804720931353,0.15464687369843078,0.22036172443356872,0.39845763280164803,0.19525851588531662,0.29992170489144054,0.5021322757988651,0.6777343691403592,0.7029884101090869,0.845201594671487,0.17727381172379508,0.7459461712121473,0.7819425913893467
0.4099395645436103,0.0,0.5869565217391304,1.0,0.4475553365557037,0.3755163089984448,0.278217964055848,0.24300259612430386,0.07408812179856361,0.08374645111757684,0.14254532278102428,0.40918976163540366,0.15214667282200045,0.052657629608341194,0.0336691646868601,0.037069454161274384,0.4040141415875729,0.3338242556212052,0.4211541599700954,0.8303573788152017,0.35916902337561596,0.26158387233520064,0.2906512487548252
0.38879742732146044,0.0,0.6739130434782608,0.0,0.5113976734253574,0.4072079437442788,0.11779796953636201,0.22167959688245187,0.09761923487729574,0.07047076774819494,0.33142743753738557,0.572869699531465,0.15638642460738872,0.5341691088206395,0.17838952180820988,0.06109570485435656,0.4346497883333029,0.2328735724601898,0.4082625884469204,0.528673623293697,0.24648810794079812,0.0,0.05451039701530069
0.39319055574101763,0.0,0.7826086956521738,0.0,0.5068944792830368,0.42149893101888924,0.23694367769230262,0.15136222635702,0.04838149071821274,0.10194902548725648,0.45429588643997576,0.7404906338938475,0.19417350613752005,0.35863129063301513,0.1303810782554522,0.07126429952394897,0.6539648065788937,0.4272871988388274,0.6017751527007975,0.6497724128751896,0.1921463949647768,0.16146687076591903,0.2533705403050699
0.2677100400948759,0.0,0.7826086956521738,1.0,0.4161450772352797,0.3492672407442181,0.24617667306059987,0.07433424911383302,0.09288434362782538,0.06967692419668003,0.3954665715731833,0.28453343577501533,0.15469901400944952,0.04665885757996713,0.08486703260828721,0.25558976632887653,0.4753508917651228,0.6128405229597425,0.67535094144145,0.8264533454802829,0.3332465599105643,0.3326664706931457,0.3867757970018113
0.4066447432838553,0.0,0.5869565217391304,1.0,0.1463365232268079,0.07855868326612958,0.426377647522741,0.3296699822182325,0.23956525158628872,0.2740669859954311,0.5724543321216586,0.487616549709307,0.17965161717762745,0.3224583817772495,0.10430920934966825,0.051083820027717275,0.5162537948934647,0.500626728453472,0.5892941513554744,0.6765485558440139,0.35187261814106163,0.2941547611259041,0.38297553449171184
0.5021965642097785,0.0,0.6739130434782608,0.0,0.4339626397273566,0.28601960094646106,0.4144144204356339,0.2671588557257363,0.2617973964821303,0.29364985160108314,0.5037293516771735,0.5921951178605127,0.03821765170965907,0.5572660068133557,0.3264804176860012,0.06538209787426885,0.17417320657487956,0.42032928294944605,0.5292508126016344,0.5603919120922205,0.4221402102129077,0.48802671991410596,0.5805531030619977
0.2841845472722566,0.0,0.7173913043478259,1.0,0.22728296577327978,0.15927535207995103,0.9007188162089548,0.8376449708941269,0.49290362518679,0.5387891577092957,0.4512302719366863,0.5109420654750898,0.32784583768262276,0.5670256233842956,0.203161894981728,0.14894891757560702,0.6591781512249018,0.31619485524642843,0.5119511262573266,0.5794983713574169,0.2683235431934261,0.27954547287723464,0.37403664649870416
0.16392096558026228,0.0,0.6521739130434783,1.0,0.3488758427992371,0.2913862299214216,0.16799312930671495,0.21774245099703693,0.06149345822371177,0.019547647439548066,0.4003404960198784,0.2983694521459841,0.07183320560256679,0.25685363478149803,0.04469993647412851,0.09833343268923467,0.3670591540690511,0.7122311352935426,0.8113350575225187,0.6027272495760823,0.31340929726686606,0.2557024261581631,0.31414892799124283
0.2561779652464306,0.0,0.6304347826086956,1.0,0.3342801856314752,0.2783620013200281,0.9328085629691019,1.0,1.0,0.9999999999999999,0.6328561404316027,0.4767771122706792,0.2355870801656481,0.19360670942794833,0.05881644464306657,0.10386293750407471,0.3488314013706768,0.6779359782934149,0.6797823005591912,0.3004142840050914,0.311921752876539,0.4278733049111978,0.5573396386086911
0.7789675632082835,0.0,0.5434782608695652,0.0,0.8535356621895476,0.7793142426668349,0.42401634797254384,0.48937252424802136,0.2564525990780371,0.230175498643579,0.3529643859568399,0.7481763556983918,0.1653359167544104,0.5112780339680758,0.22752087456515602,0.08723674092174494,0.6655744211637709,0.12317059194487423,0.3502398431911289,0.5225905387373806,0.27103030185136334,0.22333072234465567,0.32295209232317523
0.47226796970921175,0.0,0.4782608695652173,1.0,0.30859189886025007,0.28603055710557923,0.29719357576810745,0.315247985890061,0.15036952092937117,0.19662067348090362,0.2001621957391988,0.7300798781561613,0.18396414138772466,0.3596691153524034,0.18165773093556004,0.12121446539513714,0.5260137647461507,0.27386503347251967,0.43692541521903716,0.4502712642485207,0.13428721163808954,0.28489792498097777,0.3684708661806333
0.3775398540982271,0.0,0.826086956521739,0.0,0.39730953793631096,0.29736829279995236,0.4946321037822232,0.3224349267730737,0.5001687136409421,0.5513289118447563,0.32427299498458506,0.6369243695264215,0.08970035196079973,0.42040813364279384,0.11777370572262624,0.0648914325771851,0.6431824592582025,0.4188307149144572,0.5970475473946464,0.4425717897674448,0.22995491024099945,0.26020974245315265,0.44511393432362567
0.6120263782131299,0.0,0.5434782608695652,1.0,0.5334139100681221,0.48413755948911064,0.2375014202551784,0.3790698905256247,0.1387592316806162,0.11981089670929268,0.2844343854967102,0.7038396462886787,0.15575421416772972,0.36651063008298257,0.2634444605938111,0.03378871565517372,0.5787013241850811,0.687300603447397,0.7597974710205289,0.6332716856438725,0.41333652201823146,0.23686320181896892,0.32153212862162217
0.4557935627514825,0.0,0.7391304347826086,0.0,0.36076713894038903,0.3737176099101105,0.13592677498479522,0.17955392302082496,0.12390608865965269,0.0895819708033575,0.18557953342842737,0.50095799478394,0.23860561969888927,0.36672893614983026,0.22423545957096747,0.0892025921323285,0.6949368344651594,0.8736819651612184,0.8629990645356547,0.5377737448112394,0.1946986778591031,0.3856951578109642,0.4447872538551487
0.38879742732146044,0.0,0.4565217391304348,1.0,0.8947747233041254,0.8181904732040688,0.4332523509400421,0.5205466364140632,0.3808719323927654,0.3935499624469999,0.574474301753094,0.7735955632741776,0.37306859331661046,0.3098924291049596,0.20558384713221223,0.028439845850149914,0.17653682732970033,0.37695961396647415,0.4695815172738329,0.12423162617763661,0.283915010867656,0.6728293766697704,0.7353355302617968
0.4978034357902215,0.0,0.5434782608695652,0.0,0.48388994954816145,0.41539899498018995,0.333242993964751,0.19335730354996095,0.1613597558345744,0.1845724084190722,0.3274427138453042,0.6762372967855061,0.2714297734730864,0.574438159436004,0.30262538888654955,0.04625931012977602,0.4198927674319828,0.39102005231037484,0.47154233972345927,0.5259016395018019,0.4186716571873854,0.40838745757516803,0.47169717580988024
0.5252608141263206,0.0,0.7608695652173914,0.0,0.4190795743564828,0.3466997215246588,0.2561582264521691,0.17839367472218992,0.06167815526221654,0.04764939611280139,0.23908917314682743,0.4579304916681608,0.06316040027865766,0.286482006441771,0.10532480827910096,0.05200314456443145,0.49174460854761115,0.4248318873676866,0.5686847617981408,0.5989906692402056,0.5481858537961277,0.20972766551621835,0.25881419708352293
0.15321259604675566,1.0,0.6521739130434783,0.0,0.42787049379383335,0.3381913194729105,0.41634162316787093,0.2372096028417836,0.4535519929774534,0.5130326780232645,0.4373073206644271,0.8293924699773061,0.1642215890010541,0.7116069445714512,0.4249957777708355,0.04129264486539008,0.0,0.4009565034252556,0.4733760301018384,0.488768876902105,0.26751311756692653,0.6251804763769757,0.7146747253399961
0.08758926940174783,1.0,0.6086956521739131,1.0,0.3434335956093242,0.2850921054073181,0.265464406734349,0.2428788729644964,0.2084247727439943,0.2851732303328066,0.364448649519165,0.40308039848429966,0.08927281396563425,0.587286284311719,0.3253787894223765,0.07439470823159322,0.3281541794278038,0.36246835606336525,0.4123965154427516,0.38409441562266844,0.34621308386832506,0.6116500133984946,0.6727882941256635
0.3009335560748493,0.0,0.826086956521739,1.0,0.4388890887204324,0.3935807485927949,0.40504975905788654,0.5040612127206661,0.4536073006071153,0.42351879567437434,0.3839633276583996,0.8077339609749905,0.44130638631090013,0.36268243579638915,0.2308886966057806,0.041616432123603775,0.5509265504850438,0.36856253273898654,0.4147242657174137,0.11478578749277446,0.37085053783311706,0.4808419452642372,0.5297319471571447
0.48297643946236973,0.0,0.7608695652173914,0.0,0.24692869587567445,0.2222970683207195,0.21240601252498004,0.0877059732854204,0.17725740120103828,0.19373747961585586,0.15523742695440124,0.70028679943886,0.17941055852077925,0.6289333919740592,0.35372590782454916,0.0838894107012087,0.5976827597279168,0.36829072039870603,0.504279796816385,0.04169075154924062,0.41739780427005346,0.5348452720342503,0.6183020442647869
0.1320703586049545,1.0,0.7826086956521738,1.0,0.4856779568384817,0.3860092870449461,0.3118552876935725,0.35885765031848393,0.35509781585603784,0.42678417186047646,0.6195072010306903,0.6875096088993282,0.2230664328852523,0.3498514386573017,0.1810940124036189,0.05674969829367704,0.16661184999035594,0.6951501598172558,0.7651047606216952,0.39872745330656034,0.2715718252226884,0.4998400246639847,0.575447506445486
0.09417901214090924,1.0,0.7826086956521738,1.0,0.3083006492352247,0.2641643302972181,0.3728801438300775,0.4185114591703263,0.1443780301857881,0.2015968699137468,0.3773449362720287,0.584782738044133,0.2663281232825514,0.40728277167420757,0.17028193623958554,0.059247685090573765,0.35896821264559353,0.7397462844813156,0.7347372730360464,0.5737970411992035,0.3026011430062243,0.4593602151645866,0.5513172827845501
0.15568371199157197,1.0,0.6956521739130435,1.0,0.3052201780813353,0.29176062832439165,0.48831647963855374,0.6026988145259238,0.16650209686953743,0.20900990256568253,0.6895113421985002,0.4248555121039186,0.2416567552140303,0.4634292341434174,0.2193557851784138,0.11637520164429704,0.3260971604218392,0.009034910184922529,0.03388615228145131,0.39197215427202137,0.5125531582569869,0.521748579714769,0.6350460142068535
0.34102141663884744,0.0,0.6086956521739131,0.0,0.16133832345680466,0.14681819916257144,0.3459273765046351,0.4048029330637086,0.28494795247603144,0.2856041963357977,0.44596466203469465,0.5167135947007193,0.1719680620021058,0.4073962792169432,0.17928920752946875,0.06947689018288594,0.1313158566620105,0.8469213502293003,0.8033954699237775,0.5767179788783388,0.4536372462807099,0.6141509163405174,0.6520464435821167
0.30862170619346424,1.0,0.4130434782608696,1.0,0.2627431314503146,0.15858662524986666,0.3377146256207353,0.3079778755496232,0.1564008433145,0.27307435546190695,0.48479501219343835,0.5278982536861234,0.24397865038990085,0.5023620310012036,0.17809792764389676,0.05104414412600278,0.22120925959579907,0.6904768476488834,0.7132372474198829,0.4987101073861431,0.5918630177584194,0.44977155342772934,0.5263338596672851
0.16776499052974406,0.0,0.6739130434782608,1.0,0.35574290829862365,0.23525971575189653,0.3675854325261827,0.2848739501574382,0.19672365720432616,0.2350676932283814,0.5675643031334845,0.46729400216996386,0.11884115978019683,0.30332205515421506,0.1792484567922199,0.12327282725092448,0.3639630338633273,0.16125492097341243,0.3263394881700761,0.3448671691698131,0.4654334732960037,0.28750928708358203,0.4160898873660144
0.6771005011684108,0.0,0.6304347826086956,0.0,0.32067945673912845,0.2894575681180305,0.6112126639977011,0.5008602196361025,0.4327408482363717,0.5879158906713339,0.41737852574425993,0.41660713308779806,0.1994828609569117,0.8758964846046322,0.518933924490695,0.05839535102107629,0.36217805422725746,0.6727148412537933,0.7023271335892416,0.873255617843907,0.3065165314813023,0.6668441929849249,0.7528097434600762
0.24739160818766492,1.0,0.5,0.0,0.5331635192034425,0.4708216703760191,0.27557361600310126,0.18423340786508113,0.18491294122422675,0.2724631246235242,0.39774018773294095,0.768567588149297,0.41253474693768366,0.19119198886406852,0.07619844522353825,0.06024536454876439,0.22466772732289897,0.2746798704661193,0.3646956610013832,0.16492126345570135,0.5810359831266696,0.4312256172045632,0.501010988620584
0.6718835672142636,0.0,0.7391304347826086,1.0,0.2117594306034909,0.21112291941593853,0.5618699915118868,0.4263087676417201,0.5249401891115009,0.6746386681376556,0.6116976487369445,0.3388444322692894,0.2024013384061778,0.6537421927276796,0.3607834827300642,0.2128998917186823,0.5501695228942314,0.1738584931755902,0.0,0.6660259247033298,0.48195780294270607,0.8330348172651478,0.8780962827537415
0.47089516092419753,0.0,0.8043478260869565,0.0,0.2596413578658172,0.24705647673346265,0.4354368704927787,0.3980084695376398,0.19122993512770226,0.2100108811089495,0.3550067869139095,0.6922352905471592,0.2333303769535795,0.27287822905009285,0.2566825549263343,0.014003798917745058,0.40297169564146085,0.6973966618084462,0.6685716711795389,0.34892784433453894,0.6017571904176966,0.5468207926710684,0.5812661380012649
0.17847336006325065,0.0,0.8478260869565217,1.0,0.3398977413486808,0.24961303979390337,0.30622673287840607,0.36524726417162867,0.17770316039973721,0.18204765722237182,0.30250598168683585,0.5966083230938237,0.23430901445669727,0.34301776204348444,0.10104054743634872,0.10338244040290778,0.255084850640352,0.6519824000009602,0.6676694129724046,0.5513912533316421,0.2563482387188354,0.3180648003176205,0.37746498731996825
0.6727072725292023,0.0,0.6739130434782608,0.0,0.15905128053799444,0.119495805113353,0.4521099979280987,0.5201177294600652,0.4406858653487553,0.5495732210456455,0.42994984585653206,0.6342220974535069,0.2990469086501397,0.14122051090006282,0.12615930187648106,0.08083835379699378,0.2889024660814856,0.8049422443778949,0.8174385828758794,0.39404789876517254,0.22786719890242102,0.507990252707258,0.5913846283655788
0.3462383505929947,0.0,0.7391304347826086,0.0,0.25899774508533735,0.1632067242104296,0.20012966094331675,0.20164331850259254,0.16715005873264344,0.28485887559091505,0.6646810150462432,0.7513963602587503,0.39742158202703015,0.700099718263248,0.37783857184060676,0.0964840172907181,0.048270264424497,0.2607742391504575,0.4387681186920196,0.32679930289580783,0.23828143996585527,0.3199600823447277,0.46169969877118744
0.24903901881754242,0.0,0.5,0.0,0.29302366350820286,0.20622513849151813,0.33991652241329784,0.16615264276106112,0.28600336412463,0.28765676323139966,0.3058367459623623,0.32149051050060495,0.09598303796067365,0.21388014358268714,0.11677757658987886,0.1468891600850859,0.25434008711949296,0.6131573373431154,0.6401984493682296,0.6746246482165654,0.42124310651904895,0.4303365665976877,0.4607260410962364
0.22542566543092502,1.0,0.8913043478260869,0.0,0.330786237791699,0.2320933857667402,0.27866074949372077,0.35923431860500754,0.21832839031964257,0.26331631469805383,0.34671294805135044,0.6194853902800466,0.19320320714140093,0.19204808539483076,0.11004600758235394,0.1929371312409046,0.3529053024263904,0.6875178133087245,0.7176629140568223,0.6764111338706247,0.46078518314246053,0.3352590121679839,0.40204568030999344
0.27677099899850505,1.0,0.4782608695652173,1.0,0.3278370734231921,0.2512870653474444,0.7691985082307966,0.7109833860416908,0.9468054769775649,0.9239561531223254,0.6631280771177472,0.5551637675910246,0.2586650353514792,0.23690475672082245,0.1842028408697296,0.2565926295732208,0.3027218430890297,0.24503642465367936,0.27561189424888655,0.5218892542263265,0.35377610282822247,0.6710853318300731,0.7994240209786034
0.5606809444258982,1.0,0.4782608695652173,0.0,0.17955015552520415,0.09261127963027116,0.8059363324666993,0.739939416892748,0.8974048543861741,0.9527442647216501,0.6480743569686656,0.3508567045059299,0.1052501514197064,0.6565833649035258,0.2931861597818297,0.4650894930835332,0.5731758032129637,0.5279441686652575,0.5621357998220149,0.8505985303536789,0.3404459886935183,0.6668560679048252,0.769556488937134
0.42531576456118875,0.0,0.5217391304347825,0.0,0.21801466235822042,0.12388129114935031,0.3008387859992918,0.2184662314819077,0.3001337023891375,0.3826492878495501,0.4387906639672394,0.619862558297317,0.26491512536945283,0.2928924247504505,0.15038380402698803,0.08584648935060923,0.16639667130843172,0.4555088801031568,0.4928694562352587,0.395497556435505,0.5279907223000642,0.6506158826381501,0.6886443704240097
0.33278416305015707,1.0,0.4130434782608696,1.0,0.32989083726584356,0.235926530263745,0.3539095447831522,0.2274822130774008,0.42227654322240515,0.4786386170060958,0.7171611144342709,0.6367211101079031,0.18837066331307062,0.41540480244317024,0.23280850911616646,0.026918404614048153,0.2965608203101926,0.41501424164657097,0.5417244611592547,0.42319697325701133,0.6078901642992778,0.5226044701679606,0.6463105229690784
0.4398682592638285,0.0,0.826086956521739,0.0,0.4734280115787439,0.3245146327060997,0.2969152057532034,0.04768702989495255,0.11533442088091361,0.19833175460294916,0.0900657985551927,0.5441899553108811,0.22559603268997996,0.2869543255518252,0.11268348585428734,0.033985300776232075,0.37738327113963344,0.6928322545843582,0.7430492437539258,0.6884324333155072,0.4155460975703251,0.29391322973623324,0.3505048281818941
0.48517295356232265,0.0,0.6956521739130435,0.0,0.15522801807423914,0.14260763387387465,0.14656832931206187,0.16260385012726353,0.11358741015681495,0.1797746506944894,0.3588172364606814,0.6148862965215485,0.029731325724066338,0.464359357332486,0.20952987685580005,0.04280212351806023,0.1357554499854503,0.4535518912558629,0.4307829912468619,0.6416179082934161,0.6116510770107453,0.4336212142531306,0.47864517255362227
0.33305876489502045,0.0,0.7173913043478259,0.0,0.4517494708441312,0.3443381025368044,0.16387505764565158,0.31866755655694945,0.08701488485611142,0.08343340075220762,0.3823684028896155,0.7180222818645079,0.26109229893395947,0.2760297325895833,0.11391144140338305,0.02678781307825384,0.3373265888381356,0.27129781692088817,0.4318690691465643,0.1944790001446295,0.32765968645997035,0.06382119686645527,0.12504173710743194
0.1123009299481674,1.0,0.7173913043478259,1.0,0.27463407837129283,0.2002022733652371,0.39271225295914336,0.41886750693021524,0.3750435737862132,0.48774603476059075,0.5004399990797408,0.4572883676112307,0.18436287363144244,0.26936936544638823,0.10186371232877334,0.05151905868823492,0.2904666924583781,0.7626145226993306,0.768585475445484,0.761742491402718,0.23654244336031716,0.6967725760151715,0.7719859147150263
0.3613399487657098,0.0,0.6956521739130435,0.0,0.8133879141183775,0.7484156071620034,0.436624537999345,0.1477440112835522,0.3579593514292456,0.3543208385367088,0.28194910964892106,0.5594547775746956,0.14852927687709228,0.3708149173877009,0.03774876627142998,0.03894458911416876,0.30509103842110097,0.5952807257449491,0.5620871765484972,0.7576577914174694,0.185294536649947,0.5190478196302732,0.6242838772780552
0.33168585589035493,1.0,0.5869565217391304,0.0,0.2490599865969294,0.16099206887419415,0.32155913942561565,0.32848292723497297,0.1830152298945349,0.33896519636475475,0.475262273961258,0.5660942524705603,0.29508460173395434,0.49165342170084236,0.18431920686387304,0.04427491691487362,0.46259625901269796,0.6018624245540749,0.6783722256271691,0.3434191932369166,0.28376997528959924,0.40170815121388537,0.5591606671164882
0.22432735827112282,1.0,0.19565217391304346,0.0,0.4746600603522304,0.37217279147444593,0.23205398974742852,0.16518622741279065,0.04305090077861973,0.060841077634142704,0.4147034463718775,0.7806585285695289,0.19121182006108306,0.3165260885910406,0.12205570263553156,0.030775540265158607,0.3225015580943422,0.08480755026278208,0.18619796360986762,0.48650645955349425,0.3975748449378005,0.11414710740394529,0.1463800501206105
0.6219110424316976,0.0,0.5434782608695652,0.0,0.24913402127379447,0.15788391987194128,0.25614084921234337,0.2588364111760506,0.24402208245910906,0.21811001581165212,0.6084847927115442,0.5886468633158279,0.09773033419977972,0.48925147436427796,0.21825642084463626,0.06744026035366579,0.5367604347724297,0.8043731185395822,0.8326415387914101,0.5501501311034458,0.2698485622597402,0.5347218176783055,0.6106340737442992
0.1425041262935977,0.0,0.3695652173913042,1.0,0.2847247952958645,0.19805864416397512,0.1191754499702582,0.09660029377376977,0.10705730428583393,0.1608966701615261,0.6921478857037684,0.5465667727156376,0.03144830011954358,0.2809961956103644,0.15932994921099808,0.146002932029199,0.41091212347911643,0.4262884534957889,0.5159171250694956,0.5058130455736434,0.25402194814534673,0.3478928066664453,0.4043568682972567
0.22542566543092502,0.0,0.7391304347826086,0.0,0.2529688080032879,0.16686116997423017,0.1371318197311875,0.1295945110907506,0.09831666916142978,0.08343992263481981,0.4188676206690287,0.465782335119274,0.28077344958728156,0.21346443309369034,0.029567829375757748,0.10673016937622504,0.31476181503775624,0.5447065296764475,0.7019360127207974,0.5953629213412959,0.39126880098772965,0.15175833955459628,0.24431952069841323
0.28720486690679964,0.0,0.6521739130434783,0.0,0.3531192171321824,0.2295379561020705,0.43344416893350535,0.42282183658782513,0.1810540923840379,0.1627358410580685,0.21858809184189987,0.5309992576438918,0.1613091759205143,0.43122270266974994,0.2529737850507281,0.09959269397179504,0.30661735767268095,0.5366670646847367,0.6930763779124154,0.43764934429057334,0.27599383698916435,0.3715960430078231,0.4212815255672564
0.21856122062724875,0.0,0.3913043478260869,0.0,0.0,0.0,0.5401223758696976,0.5402674207364142,0.6353332030982421,0.6246330462748443,0.3838511710302308,0.5754515733437053,0.2988801385101816,0.6597511252777817,0.3282467357527501,0.027246578152853473,0.22415040655391927,0.4305801483387348,0.4359268592116672,0.42502093763108517,0.4060970439632301,0.6077422685309248,0.6996038478906903
0.22515106358606157,0.0,0.6521739130434783,1.0,0.17663556395391256,0.12162734475972581,0.7904311560542976,0.6872876515350952,0.8121915267696538,0.8019126855573432,0.4935737127870059,0.5296722811257455,0.2725895839918855,0.26135648771084896,0.15288091864839792,0.7287055547658035,0.7159708293521572,0.9380978896441903,0.8790333598349942,0.618550717116868,0.3855760830324393,0.646727630563624,0.689581391037076
0.4497529234823964,0.0,0.4782608695652173,1.0,0.35501757799745226,0.29442939756614583,0.3220690945789697,0.18194659146131498,0.20468491141899592,0.31670627188580747,0.5938221828555657,0.48961000946813504,0.24192131329969113,0.5134532565197891,0.28713648644426737,0.06469524620890776,0.4908314927937445,0.23447684524877443,0.3478957270341605,0.22178633189520736,0.44066500099837125,0.4531016842669413,0.5463504629176037
0.4107633700782004,0.0,0.3913043478260869,0.0,0.24066787659816224,0.1653382638568024,0.37248247238021404,0.3522913872871709,0.32976793628966994,0.36052914903258293,0.3504307964846083,0.6411884246756132,0.29569861906743666,0.48709483105229645,0.18995005317971225,0.07017829632475547,0.18735150719845173,0.7733439098135055,0.7544206857162374,0.6422677796885519,0.3596570523621345,0.5904113830741615,0.6551669775728444
0.3495332720724011,0.0,0.6521739130434783,0.0,0.26119608607997913,0.21353062983180804,0.33135990268745696,0.29704143557357066,0.26766330338771915,0.3385321433593277,0.30097432475958286,0.4677961607530423,0.24921978106112785,0.415018412316875,0.14673661304322438,0.037534001151199314,0.4157452819565428,0.9498227219515769,0.9042906599672496,0.5847216075872304,0.4060083634322684,0.6067342446699533,0.6507258440332517
0.14634815124307946,0.0,0.4130434782608696,1.0,0.4419458129024978,0.3790200131247228,0.2580142493366573,0.26316191031308156,0.2529063144568562,0.29406673033763264,0.5913271292504483,0.48442210232534344,0.20692838965994786,0.224264487089606,0.05080258577011443,0.24317140846859187,0.3412945729260626,0.45520076611478166,0.5407626690903986,0.6881607125953964,0.53241015947048,0.44453874674335947,0.5360657180073103
0.588412924606861,0.0,0.7173913043478259,1.0,0.2665597587307662,0.11991100576407332,0.4129146309675782,0.28999608897344853,0.3226395946813343,0.32872062315805717,0.586096604242397,0.3992731778631724,0.08892335471781365,0.5051480460590967,0.0473202088792235,0.05438828432429044,0.1952562577416943,0.7044985842357243,0.8117060175214561,0.7477047887713755,0.1767377236108194,0.5334823449068244,0.6377796386197927
0.41515649849775754,0.0,0.826086956521739,1.0,0.26345414372435627,0.18062323922244516,0.20837382452997932,0.35725681010075894,0.08530669095466559,0.187025940657651,0.5004083651589744,0.7231285258420987,0.274545342905939,0.782753530418425,0.5921073066524671,0.04193603247761646,0.565147297054728,0.5379118211966825,0.6044138547392748,0.5341311015236063,0.3998433501330494,0.523806525739001,0.5921856477640706
0.47226796970921175,0.0,0.6086956521739131,0.0,0.35737446495104086,0.25710780822792456,0.28382312643278684,0.12341728866194135,0.117886436691792,0.10585119829157985,0.2492442368747989,0.37768095778713184,0.09482701767232804,0.06794863420815433,0.06023411751335406,0.05565432440412876,0.39344028345610393,0.4981900178268095,0.5762759221344524,0.7779414668882718,0.43954505171219216,0.20109168603249494,0.24981452487420563
0.15183968704209014,0.0,0.826086956521739,1.0,0.3997687464008495,0.34827627504190684,0.19591367521938796,0.15238981593430578,0.17729241245284266,0.13365972312260432,0.36789502139603414,0.6824339137341469,0.29246479444443185,0.46009687331716376,0.26328824943435736,0.027351051381488967,0.6803292122341915,0.42196735731802226,0.5280096146000746,0.5456428345252045,0.40099047571097457,0.3956286403351148,0.50958961217172
0.7391543044891489,0.0,0.7391304347826086,0.0,0.1695247427731501,0.1978368763914795,0.6441057739221099,0.6596939501436911,0.7299087424110575,0.7295362237099653,0.5816626788754435,0.4308121311929729,0.2914421902680524,0.6531014992575563,0.3858329609168736,0.12221832552143408,0.5557675133706237,0.11234010024055086,0.15789020532778242,0.4773049532933462,0.40625151972684104,0.7526483311928602,0.8023144631185524
0.4343767234648179,0.0,0.6086956521739131,1.0,0.2506779236625647,0.2797704344646008,0.32740390720553925,0.28847566880959796,0.1302073528702884,0.09453286233166713,0.5421622647586615,0.766358090383753,0.20505374167760104,0.17983833158427243,0.15599019990047802,0.09949499954043739,0.5643623965776561,0.533899739048153,0.5937174461254131,0.5504136833845785,0.36922396525554,0.33936056469053066,0.39583153501795376
0.4643053179653847,0.0,0.6956521739130435,1.0,0.28376758279922987,0.2505571584710191,0.18054484330408171,0.2650081347977573,0.1421294452238817,0.09195541432346277,0.3042694289789729,0.8126619037141365,0.20608847459143176,0.24239666386526593,0.12411678436837947,0.04705502130436423,0.2515260405227169,0.4191331286440405,0.5063807966057634,0.5884159042389876,0.6100634094402999,0.2264018454969856,0.23449412682918158
0.34596374874813135,0.0,0.7826086956521738,0.0,0.631654084845835,0.49975839780151476,0.3641373871314857,0.1265935371145428,0.05668879817535566,0.11638221258258985,0.21340357980950575,0.5084552324125695,0.074933614113605,0.26815068344023674,0.15186758364881214,0.06829060065925796,0.4046830908578043,0.243548357095412,0.47811620630309415,0.6656165417616249,0.4175886104447357,0.1439818354055442,0.19358135328979964
0.2773202026882318,0.0,0.826086956521739,0.0,0.2632194677675015,0.24193466124500507,0.19802567821361983,0.1571682793064082,0.15424130871044428,0.1370497977042452,0.4898495375695946,0.7339931211262409,0.2928999129005043,0.3261376518453687,0.21803998915124834,0.1590319797736639,0.3713381995676359,0.2765327545870584,0.34367665001299774,0.7422189612532502,0.3682078580104551,0.31305896144191103,0.3203727876557525
0.4785832108231612,0.0,0.826086956521739,1.0,0.16672225087767734,0.11123334994387823,0.12379779576396377,0.14120661698952697,0.13732960556526685,0.14985799252800958,0.3290612202641148,0.6102608469248927,0.11330742331795252,0.6661272881132059,0.3473411728696081,0.06695697198303141,0.36371217788699006,0.62059227488928,0.6353292436021261,0.36722730987838137,0.35654837065258005,0.5155621945568953,0.5170530257633486
0.8596924880260066,0.0,0.9130434782608694,1.0,0.42795954493817545,0.33100521248714987,0.21151576316158827,0.11272554560195136,0.06509860234067977,0.027896178933327853,0.24048566695808216,0.6326435424802201,0.10213154980249062,0.26419127327303826,0.08136473313474157,0.05497106151379716,0.29968369848672616,0.27941078524965035,0.527340985292527,0.6173410674035558,0.3375530009205612,0.19347739777038275,0.2769748000851533
0.5318506570851336,0.0,0.6956521739130435,1.0,0.564855599204197,0.5265129605695389,0.27133490619632283,0.12610345593152905,0.17093381097475902,0.1518583843627167,0.2804111259375146,0.6921122966357569,0.19222002136173888,0.7498775657131744,0.45315498999569415,0.057750567774116135,0.5066577176119846,0.42387904410860267,0.5137184043596812,0.45896945051871985,0.20767979119453828,0.4056483840698626,0.4267312885226908
0.8909938913115876,0.0,0.8043478260869565,0.0,0.15845935234324937,0.11223602740248717,0.18284599087026576,0.16752803188758225,0.11005000520094688,0.09628516175181934,0.3096057838310413,0.6879111361003503,0.26369846139384956,0.25527585090740734,0.14283812584642686,0.07632865921969256,0.4175079632836045,0.29456147309087855,0.4688754124676715,0.6522351972269589,0.3115922045808357,0.21481371611502786,0.25174629722815656
0.835255329104799,0.0,0.4782608695652173,1.0,0.33762920709908695,0.2687349376424537,0.22258473075303598,0.02019574378583222,0.12394820364370718,0.13766807217584887,0.430763700363503,0.5220398699938382,0.17443398593521264,0.5790774536571346,0.1577080698684974,0.06926814310200557,0.2505638684890332,0.39448010939696654,0.5321129445115946,0.8206912325261473,0.30849410732175064,0.27501821567901685,0.3242180138327111
0.4398682592638285,0.0,0.8043478260869565,0.0,0.420153426391197,0.34306114330165016,0.17980697896685638,0.12315128386835639,0.11433862984227183,0.07709204385105173,0.2646321262596052,0.7464482513101047,0.24331005373788717,0.22901293434416026,0.16387999541780607,0.038691779850982044,0.5854811250388829,0.35076812487286935,0.49081043849179595,0.5109666098239414,0.3450259090183525,0.21321261842431904,0.2616918717625114
0.4489292181674576,0.0,0.6304347826086956,0.0,0.5679025452213935,0.4273872998470294,0.35366659760327757,0.3621672448433224,0.23087332776874314,0.2631146580876954,0.38955678001196326,0.6930521218646037,0.1688206546334432,0.37732868271738806,0.1546345587080027,0.025895204977870234,0.26714600598263694,0.9298097133609868,0.9129707444436643,0.43517863174803173,0.4366423376874522,0.3806229986278866,0.43109331931503103
0.6117517763682665,0.0,0.8695652173913042,0.0,0.2641071854495318,0.1794282622813821,0.3098017657949086,0.10402162130952775,0.1544528984496104,0.18379447826113038,0.29963879814107663,0.24957261612442183,0.13695391307182225,0.1720376636025438,0.0663856676940382,0.15618169489470834,0.36890768388579254,0.45797799220084623,0.5827224194561405,0.7848519662633859,0.4053701496755724,0.35269990867514456,0.4090211548501501
0.4497529234823964,0.0,0.6304347826086956,1.0,0.4771098398720732,0.39806030647777213,0.0826932716664106,0.2214005324219981,0.0648700143850578,0.0,0.17284026595499924,0.8073985230348029,0.2656701392758083,0.2201445406791005,0.17434976538894986,0.09516593997295253,0.4407807083949793,0.39481732470654163,0.502246869609932,0.4893344211772068,0.6198033924021955,0.06807309035604137,0.06787820619393914
0.4879187715716536,0.0,0.5652173913043479,1.0,0.42559008605832727,0.3999772565248647,0.5514483261039562,0.6042295449530917,0.4554712692086189,0.48113910679948,0.28733090231445324,0.462843459499263,0.1912974792693345,0.8411268889498522,0.4541085572473149,0.1279842907354376,0.6841043159492006,0.08687104394539524,0.2292746261463232,0.8614784105755335,0.17550048717078792,0.4595851664774149,0.576279056728882
0.44783091100765543,0.0,0.8478260869565217,0.0,0.327604143567207,0.17519011769559478,0.20686467808663211,0.2485350834203408,0.18294165552480102,0.1662336571404569,0.39696659457967165,0.7301777142220496,0.3269695364017524,0.181627744610932,0.15026607967493621,0.04547536216222903,0.607481751621366,0.2865349086848543,0.45727271347277365,0.24109844362407684,0.7163856447389272,0.23677716466346488,0.2805757791828767
0.45936298585610086,0.0,0.6739130434782608,0.0,0.42055991867360554,0.39543611746967144,0.18727752120357466,0.09097020265166256,0.0813869529809037,0.08753070828427789,0.03358314544701635,0.5680086447149157,0.2567471787419615,0.3961134552886243,0.17754960383491603,0.059016209101173334,0.5168357807585666,0.4620386765559159,0.4867941560992084,0.6352876083339218,0.4337813893321327,0.16229116945107402,0.13995052331324453
0.45030202695247173,0.0,0.5217391304347825,0.0,0.21187187949948338,0.06258158088308896,0.28571490632999397,0.12426616700839466,0.18276761408467146,0.17044340192875562,0.41570192794368044,0.38005597820292314,0.2333136999395835,0.46363970209350325,0.1454307783073867,0.0915145607568647,0.4583294775840674,0.708673273766629,0.8087001504712428,0.705642853745061,0.11014751291159919,0.33021105093489234,0.3977052986905858
0.3975837843802262,0.0,0.7391304347826086,0.0,0.38450188805886976,0.36533463699033586,0.24468022536943357,0.26800498466863854,0.10580121220116756,0.09214194016616195,0.37492580407674936,0.4477791013377983,0.15872499679725482,0.20014718241474982,0.08583056115123577,0.040943337429188986,0.7339176233570326,0.5018216827043949,0.6121691482720475,0.5993640149511266,0.24034884060218098,0.3145283147382545,0.35409997865613585
0.8149367969779366,0.0,0.32608695652173914,0.0,0.22273786521009198,0.22405647635566428,0.5377293294390497,0.535726093420609,0.26846120474224877,0.35542721070298333,0.36378836331845665,0.685662503908451,0.17467352849987927,0.23693843159283623,0.07066585346306575,0.04508697695348485,0.13772662050173423,0.3339226600887679,0.37103684742823195,0.6657664566416859,0.5514604539184493,0.3757498003669124,0.42918735943649944
0.4395936574189651,0.0,0.5434782608695652,0.0,0.15834201436482243,0.03843798417250577,0.9303670607735548,0.6151921042628814,0.5422294048848308,0.44704766113550154,0.8937497124189022,0.5518449286375748,0.3481015872727089,0.6615733422745926,0.19322686524048138,0.08016645536092215,0.848083850561193,0.15341166488958602,0.4795639939204306,0.28262943011684216,0.1826435609066468,0.10103741988910175,0.27257141382144257
0.4360241340946954,0.0,0.6739130434782608,0.0,0.28605602259873564,0.16480632344168455,0.15957419078872626,0.22424341569400807,0.09187383771523672,0.1256620689133422,0.18481054157272414,0.535739914199767,0.23045814031584744,0.4263915197382653,0.12238668917918516,0.0004729207983269479,0.6728938410955605,0.5482691914212905,0.7275215792459739,0.39740416619217633,0.29262515540547884,0.0647837375436573,0.1640185749903753
0.6400329602389556,0.0,0.7608695652173914,0.0,0.3333264653365804,0.33578172006409,0.2529604801465035,0.3129591074336311,0.17007831864805822,0.16641913948193798,0.18899599687111834,0.4928228260726326,0.30388172661674195,0.18480914911436552,0.12303190918562379,0.01285658716666016,0.7578102614588227,0.6704674392217411,0.636900605490208,0.5967659708598148,0.4123939337939764,0.3618129014507121,0.4047873537744082
0.754255902661864,0.0,0.7608695652173914,1.0,0.42659164951704565,0.3667196466223106,0.09453886820700319,0.0962428713121053,0.0,0.01616905137130409,0.5449345465421249,0.5124010208494647,0.15172140896510733,0.435241914764835,0.19268804993685928,0.058114230310435055,0.5073668038384307,0.061996614646305126,0.2596639349083796,0.4807359379121756,0.4019997173665659,0.1311291390817504,0.17122164339981927
0.7811641775278879,0.0,0.3695652173913042,1.0,0.37502544942017213,0.29600784007634573,0.16744440954144157,0.2576658526140987,0.15221395426718665,0.15858061920840527,0.43666946578935306,0.8193345230731388,0.3057957929958053,0.4183391611182963,0.2273682856934578,0.06029859804503479,0.49977980419854884,0.5537540404334358,0.5578837538495403,0.5026898189057079,0.6116250449839147,0.44893045061063996,0.5263721620501656
0.3270181256259344,0.0,0.6521739130434783,0.0,0.551732952729906,0.4433610020427574,0.13767419012037108,0.13373511283895834,0.12697540840117827,0.16129241799841332,0.2938653200202461,0.7890684369270851,0.21543594093608087,0.5590719669754016,0.24942937648202523,0.04731241622453297,0.34244070600905996,0.15048773214303957,0.2508949054194314,0.2030496146178542,0.13579907165787386,0.33659393240885227,0.413005157776674
0.3009335560748493,0.0,0.5434782608695652,1.0,0.2842460144374601,0.16958623120593685,0.24265911870659895,0.2163498780983204,0.08683982859708905,0.12055673920478405,0.3135818800901857,0.5179535170867695,0.222671490871988,0.315549517302643,0.059482040018129734,0.06483321467115155,0.5284754980606055,0.6963163127605996,0.8365807355064698,0.6130197229361598,0.3267906172565449,0.1382794092473809,0.1941367378415606
0.2633169116753188,0.0,0.6739130434782608,0.0,0.3121326422033275,0.2348913621263713,0.11386235889347107,0.06957571891747749,0.10771059394812754,0.09604724347413895,0.35518336170800247,0.7432534045952601,0.21024256716856904,0.12586099535373863,0.11575337472702674,0.07094749043940363,0.4329528870178132,0.477523279556892,0.5887773215359831,0.33762680900892317,0.3451972626894688,0.18399605842281352,0.2077829331798271
0.4028007183343735,0.0,0.8043478260869565,1.0,0.2706131572891155,0.1840967194615013,0.1207404040876614,0.15528081376846314,0.07398511768093596,0.04454471911425528,0.22088816546266088,0.5555790717074469,0.3085293071989361,0.17759401748480652,0.15781945521697738,0.0319777799000287,0.33997116828645346,0.6554676582316841,0.674101441905387,0.5141174650354774,0.42607390692663616,0.2863247078097537,0.3066902328090997
0.3283910346305999,0.0,0.8478260869565217,1.0,0.194403187961123,0.11773790827276898,0.15799787462989845,0.19498907455763836,0.11209156710870494,0.01803561417481614,0.12320261813831479,0.5942904069940407,0.318587820776679,0.508707712271443,0.09548531637740454,0.05317926589214261,0.8593857484817651,0.0,0.23821656473963526,0.5507851071098573,0.36276687833660515,0.001868171360919435,0.04034961748964472
0.3308621505754161,0.0,0.7608695652173914,0.0,0.306601693089247,0.2542901863415987,0.2987612033070224,0.26333787214036297,0.15257979647807107,0.2127938988570791,0.4992223807113616,0.709847579395964,0.11391689237489011,0.33340126367860257,0.152834734479516,0.04046164406967889,0.6438436041202822,0.482949325899396,0.5589167019284227,0.4531030698435168,0.6417644107293146,0.4110218973522961,0.523206386839079
0.39895659316524024,0.0,0.7608695652173914,1.0,0.45257048747294837,0.33018236715751526,0.2427192706906116,0.2594206594306945,0.15914136173473148,0.1142226868121533,0.60348950904155,0.6471340621654353,0.22816353479924256,0.708082114433602,0.41714311070300014,0.0,0.22862010259451981,0.17044883837726243,0.2932033202343025,0.4175698797942129,0.830860767561463,0.36348457649554544,0.44497127182507246
0.44673260384785335,0.0,0.5652173913043479,0.0,0.3261845635603411,0.2183653183916512,0.2715674938678396,0.33544510437766917,0.28203846671013477,0.2456921008783931,0.347600998481572,0.5760419840515234,0.36388562297364846,0.528734681199116,0.2493976814641652,0.022101670395337503,0.5802254136057599,0.24716742140093162,0.304514516774792,0.15431574668421444,0.5771640767183857,0.28728075088927496,0.36378104470581984
0.4489292181674576,0.0,0.7608695652173914,0.0,0.23798551644250798,0.18249447564011367,0.4810578060566366,0.45216622069049883,0.5490987139707582,0.6136473263281358,0.6270021396033689,0.6060732636394455,0.30173266594955495,0.4817283337760421,0.21336180451509135,0.11212449699828875,0.3433995332963926,0.75499717687183,0.7398991671900588,0.5406759431303669,0.602721805741578,0.7172899729968807,0.7587937969013372
0.4280614823508685,0.0,0.5652173913043479,0.0,0.2646107609402817,0.12667548952307817,0.5124872177033974,0.30053180338190444,0.2641058557587166,0.30349215508828153,0.2547744213868315,0.6069925233279116,0.18263680268287663,0.2056248648287735,0.060899712888417,0.05736756572791624,0.37605429192277295,0.5562801551190426,0.7503965761625471,0.4437703880633159,0.13804755221709897,0.19267505648428895,0.3112959555736765
0.5115321249582712,0.0,0.6304347826086956,1.0,0.2591828317774989,0.26524218967529345,0.2714582177635494,0.12477274461271559,0.11985036495424439,0.1465597460535436,0.15680014264022457,0.6690533342331588,0.09746956634457282,0.2211356269985385,0.10173919618718008,0.04978488284344229,0.36873152724463143,0.7617537836217765,0.7903274314957371,0.5451363913085885,0.4166986584065997,0.3580469834566682,0.3928597697027598
0.4552443590617557,0.0,0.5652173913043479,1.0,0.20647538015235067,0.14327747077444553,0.23859551800883572,0.28251289985778705,0.08579837070826757,0.1381527784915616,0.3800062117517147,0.6241395917001471,0.24773855899986463,0.45850254230768694,0.2772576021632307,0.05337983854101136,0.4213533066719881,0.5317066394814325,0.5769440770686001,0.5584636799970788,0.47642356567823163,0.19186823409634557,0.22306724926996457
0.24519499386806065,0.0,0.7173913043478259,0.0,0.4195049245282818,0.3686286628990074,0.2474642596961658,0.33072781523458294,0.1333101616352792,0.1294364128184734,0.3653700593567386,0.552353476514752,0.3204086474865844,0.40800562022001907,0.18697117428682852,0.16892084936734875,0.3531873760353381,0.4033482120088252,0.4555324746542293,0.558755581566428,0.48070140006533757,0.4612926903370418,0.543242141280837
0.7097748134586574,0.0,0.4130434782608696,1.0,0.47004930639635134,0.3973394667675141,0.2512755562387634,0.19447768549710265,0.09205980327735763,0.05197418691037281,0.32272638384024344,0.5471615760631483,0.08379138268364938,0.17066338046363927,0.04733967867590905,0.035600847668662006,0.4704541831070248,0.6309958472114636,0.6402174243042367,0.6258038104326342,0.2677937485374864,0.2647421529184968,0.3253532076441563
0.39593627353069727,0.0,0.6086956521739131,0.0,0.19814508212436222,0.16701493400047518,0.25219053475113795,0.3116112123426227,0.09344782181809885,0.11970524221098089,0.383386439976074,0.6600404362450278,0.23291193551150302,0.40659795250972164,0.1920668275868005,0.06372547944539075,0.37777126171636777,0.22902859789834462,0.3681519455950635,0.36558833662233114,0.49893640576091625,0.3660076608917213,0.43415612217794
0.4132344860230167,0.0,0.6956521739130435,1.0,0.28850545289840523,0.1821759914285055,0.38192432880411187,0.1995317765752196,0.15405103016802868,0.30702962421695,0.40496422491142603,0.20214049338927675,0.19174169427849552,0.3791642535427564,0.16124613943362842,0.1079338046458288,0.6668119773137011,0.6350232300546446,0.7814115834394346,0.5762992262566304,0.27313603536236286,0.3943616087872617,0.5187338897540847
0.3866008130018562,0.0,0.826086956521739,0.0,0.5189656238137421,0.42529316226109426,0.4120220423603642,0.3516232822242129,0.20489903820539435,0.24744440029854575,0.31627363916624507,0.5818829968504773,0.20256659245395436,0.512043556705146,0.23617542558485272,0.07267887501472892,0.4874889762734842,0.5837560025225146,0.6609748183624251,0.623260783180319,0.4365522268253459,0.41431886803782425,0.505898705740278
0.5376166945093561,0.0,0.7826086956521738,0.0,0.21204264816451568,0.16381384654501296,0.23283396047346328,0.14265624001193267,0.12588270215826602,0.1337752908824864,0.4210842957714078,0.7495806027420455,0.4308582370425289,0.3320255290365941,0.0906223950657199,0.032887334993606965,0.2912103410637856,0.7764445505825965,0.7802450992484029,0.45836162255949864,0.6472208379795259,0.398376227933934,0.46687079801349407
0.4656782269700503,0.0,0.5869565217391304,0.0,0.35215641711276646,0.30802107965014347,0.23937649126793725,0.2128904410799386,0.14610119266590393,0.17206108969179923,0.24642651727787257,0.5455069485569979,0.06295800197243562,0.32239016113135976,0.15142566454264794,0.08644521665135796,0.40516361941692214,0.5912398422888399,0.6527228558796685,0.45306318864144934,0.252369629607168,0.4210022073907711,0.4910523690717694
0.33635368637442686,0.0,0.5869565217391304,0.0,0.1235998453653071,0.12287521350342834,0.4248895542737985,0.3689184052634582,0.35100352903270005,0.3348329315418853,0.3703492384852529,0.48099145072516514,0.2597407027542089,0.4880670478313818,0.22158666164979812,0.05507015157988848,0.7305282803878574,0.43619490324860744,0.5029714749787004,0.6204104784735205,0.27507356193076404,0.4967848094232197,0.559482074068482
0.2583745795660349,0.0,0.4782608695652173,0.0,0.14888443361551484,0.1337694136528098,0.19010299356373772,0.15439413112317935,0.10262761981839819,0.12411716536024675,0.39508236322642976,0.4832764220272512,0.07594105736817003,0.38484369488824166,0.2097118968155114,0.09134728396521363,0.38088076090749645,0.5324722742412507,0.5638857632952632,0.5658059053969837,0.48802755618769833,0.3365334375338882,0.34122066363596737
0.2773202026882318,0.0,0.7608695652173914,0.0,0.20025541963518334,0.164016346589404,0.2661257443808023,0.22416711974546022,0.12937926065369554,0.17592987045715003,0.42440643261399735,0.9034200293987393,0.9520967933892321,0.5059138590967878,0.20636988357514374,0.05030665085744812,0.4204491102417247,0.34873823271576554,0.375181210638867,0.43034916232658293,1.0000000000000002,0.3604423564501429,0.36168523823388243
0.19769358503031098,0.0,0.7608695652173914,1.0,0.2449968098737112,0.25876898862939557,0.29351294270189365,0.25556874505536964,0.16734211320812165,0.3167057501351985,0.4017709244006804,0.5494986600452283,0.9851946018021787,0.436355507946254,0.16487612455055367,0.04806486272237698,0.7149261535751439,0.32854521595280417,0.47008055809081783,0.5624167239658635,0.5121103277346359,0.4534987098907777,0.540356139996875
0.3849533021523273,0.0,0.4347826086956521,0.0,0.44567967500173733,0.39056213785643923,0.14513871715868754,0.061175603717468885,0.05931210501345907,0.08082595208398924,0.276731813371371,0.589706088478146,0.28385187476168916,0.26417733884323935,0.08028529138361895,0.03842581174602078,0.3859670051921613,0.38068068290300383,0.5350002182117639,0.37777420608779355,0.3914573186325805,0.16976542328039979,0.2604506525143986
0.44865461632259424,0.0,0.5,0.0,0.4619023489596552,0.4220206708720684,0.20638513310297357,0.1565001742434502,0.07164596013283986,0.04642432568299115,0.22319629135416275,0.7550983571926879,0.3355688112548614,0.16098708017087104,0.14800667768747733,0.029552764862064484,0.6208417834633515,0.25783140554581174,0.3808203244334558,0.5691393492444914,0.4245720592248634,0.0405201394160406,0.0
0.32482151130633014,0.0,0.5,0.0,0.4777702152209007,0.3892541991368814,0.14971628314207241,0.11007580792941773,0.09801805870219893,0.08301260888609108,0.3275663737173886,0.6360624138194042,0.27169054132829373,0.3032140633232747,0.12862607983793906,0.067728558614366,0.5345439828570608,0.36493356798398646,0.5237978903666147,0.45867778919757596,0.20653895907364905,0.16692395659783954,0.1982922688305475
0.5491488695774529,0.0,0.7826086956521738,0.0,0.3748103297930552,0.27089972356477166,0.21766997948149003,0.35366196495747726,0.07978912063405885,0.08174501578165161,0.1770124925228922,0.45895976701439056,0.09086925903268783,0.0,0.05274232086315522,0.03994127169040673,0.20872666621326808,0.5899248825896697,0.6905538973569814,0.5558283974339568,0.2993105231750832,0.07398276747472865,0.13293369330171778
0.17243272079416458,0.0,0.6956521739130435,0.0,0.3661996079654326,0.2985462688044529,0.23068419540037843,0.24752742701880148,0.1862819319107265,0.08801984948016683,0.3701600101228548,0.517717911866876,0.3206580446504308,0.3798389121855137,0.09528609055085502,0.06361562305421098,0.6847420475868224,0.1763447060496548,0.35237333755841904,0.4610954068867632,0.3373181405466268,0.1665325323513145,0.2165514033243694
0.16749038868488064,0.0,0.7826086956521738,0.0,0.275161051613694,0.21859842012185515,0.2654904725940881,0.27848846040962005,0.09050028034371926,0.1355033288993227,0.2779160723323981,0.58169710832529,0.22421942098923475,0.34200519347810654,0.061532254887711524,0.06033448579532941,0.8316254686825824,0.3917280844550344,0.46090546497131935,0.5591822623789091,0.4258630761159301,0.2562930353818842,0.29689814535976344
0.823174050566627,0.0,0.10869565217391297,1.0,0.2431207990995703,0.18008487623129277,0.48767686354188267,0.28449728187091416,0.2835693210100494,0.32281727589311304,0.324197648736944,0.4831226796379986,0.2700091950990804,0.3641774839935499,0.1443585811317749,0.021752562335527026,0.5262356329207778,0.3550196178906524,0.5901978326828092,0.5043631476551056,0.0,0.12593688636911549,0.2606799117046803
0.6490939191425849,0.0,0.6304347826086956,0.0,0.2836781824347141,0.23932898436782768,0.14913481396328043,0.24103814728692274,0.15411750080551256,0.1315891558309935,0.6432297657939534,0.7440494707068837,0.30908571302952303,0.3547772595911698,0.15679751728397262,0.05448837127233441,0.3528919234409864,0.22885879018907462,0.40497399485020225,0.24335701700140455,0.38847622246111935,0.03944893201899613,0.06082085337153931
0.6098297638935255,0.0,0.8043478260869565,0.0,0.18585951640688725,0.061729645062002625,0.04099290874944028,0.19821549962505047,0.06339954180926988,0.08723722356674457,0.48215904385036623,0.48567699961943744,0.19084189356881298,0.4886673895152127,0.14318360154110255,0.07877999194120622,0.45864165391017586,0.17075035206598388,0.3662323936312524,0.5300632189127232,0.37215385557202674,0.24759633696810446,0.409183801200641
0.4637562144953094,0.0,0.5652173913043479,0.0,0.225831257510416,0.2259126008297212,0.3909487972944976,0.11026757882711857,0.1549060150852828,0.1584334855366819,0.5120611512446507,0.5402024367969032,0.1867893791678319,0.42734399607513573,0.06398816598590318,0.08723534528701127,0.3474600553667013,0.4064011506122378,0.5183008514053786,0.5630043710758459,0.5903442921491415,0.3410510603631305,0.4089470480658819
0.4428885788983716,0.0,0.6956521739130435,0.0,0.27832987547157817,0.2649951093972489,0.1402570494783486,0.08505898501643783,0.0715629986883467,0.0495916127546111,0.523453964017853,0.541424988289622,0.2295712263897065,0.45459974076154586,0.21017554964820784,0.12934623085911878,0.7181437995649604,0.40763930682452987,0.5278340964420096,0.4674458876954959,0.432896300419888,0.29602539709284037,0.42723171748162336
0.7405272134938143,0.0,0.34782608695652173,0.0,0.402242971332865,0.334562564013249,0.5125146202738919,0.31435442973589955,0.3979657955292153,0.46278887700746807,0.42219090783600954,0.5309493412837449,0.28812270643679705,0.5856928242041046,0.22538644150526022,0.11432959987750313,0.5821007013933102,0.14135051731348613,0.40605319433560205,0.4846262770993972,0.33849187028384065,0.17745364972302302,0.2923620885234679
0.5667215836949844,0.0,0.8043478260869565,0.0,0.23229951357121958,0.1574611632494154,0.2544251809572189,0.2518859189984477,0.1054061939471127,0.16081553794183467,0.4365561588367921,0.6591990460783912,0.26975221747432654,0.25923990588453893,0.0024916811897768287,0.03233047673486866,0.23570984994352973,0.2914464316679979,0.43119996546561645,0.42556293758207486,0.5899317846470546,0.24690691944860954,0.33637874284362956
0.5293794409206658,0.0,0.6956521739130435,1.0,0.20331947744090018,0.13397758067605547,0.27000287392812505,0.22878405565892557,0.04887342417653795,0.014337967609200364,0.3458231721345424,0.6318129342473748,0.12462732559065026,0.25665477885624477,0.18688469216666714,0.05968790816085445,0.4909017324671181,0.22612206594179396,0.4155518101140203,0.3067116699604697,0.5514430038784861,0.07795369587837198,0.10734353823535381
0.6425040761837719,0.0,0.7173913043478259,1.0,0.47971572080964586,0.41570576743549914,0.5243949712941365,0.355876609518023,0.243849563247319,0.2748329158893671,0.4000770717342297,0.446691923013798,0.3369401166329715,0.5596476331064635,0.13656160673817985,0.08269135797053973,0.35286182072382566,0.47519487384727266,0.5741383955932606,0.7369464741413649,0.3986925056941484,0.28814000216885316,0.3677717089163228
0.4739154805587407,0.0,0.4782608695652173,0.0,0.47806914768975073,0.4020313474602304,0.3023516083972171,0.35765822301924377,0.3132583551307975,0.3025736131412283,0.3420155983987483,0.6401204142339096,0.2700326945278926,0.4924276534565373,0.2278568417544733,0.055888392286605915,0.41092996212632293,0.7082370539622502,0.6829233640284549,0.5070188513156713,0.29885968279832253,0.46891325214174295,0.5519767498984849
0.44481059137311246,0.0,0.6521739130434783,0.0,0.5780121200353547,0.533328069339642,0.0,0.11383905404021455,0.08786099010805293,0.09300152429440389,0.12526514977223613,0.8180786274518417,0.2786115021365525,0.38938806080636823,0.0,0.15031963026047124,0.5008891450716844,0.09092932819150001,0.322672581786718,0.47085116575636654,0.2636249053835946,0.27059895303536385,0.32863749819937116
0.4805052232979021,0.0,0.3695652173913042,0.0,0.29401754412309566,0.2292330726397127,0.2854552502656713,0.1793965196675149,0.06060802873967108,0.0847536906681513,0.15196302857405808,0.6953802209018567,0.1701275260938413,0.2112131517793252,0.1647289691104885,0.02787102500798011,0.29777942289746395,0.7526696712030727,0.7576876953232474,0.5711038588186228,0.36296826896175705,0.17221748221226618,0.16546962468383164
0.6007688049898963,0.0,0.5652173913043479,1.0,0.3221521182124252,0.3124084546790922,0.37590044178290505,0.4244811016310148,0.2617839501317998,0.2735627140318827,0.43752645746100427,0.6049301789920807,0.20948376303176008,0.2709845981005632,0.1660434067797456,0.1201356397460025,0.5848946795119803,0.40312710197042945,0.5420100339461604,0.4598338635611223,0.2579190283817747,0.4662400508336193,0.5662144117433994
0.3852279039971907,0.0,0.5652173913043479,0.0,0.3653991953268747,0.3240170719626976,0.16497817819691085,0.1286549024271051,0.06619638267805639,0.06783227491874377,0.29031944508351337,0.5155745033621664,0.18865644668927128,0.4256608330756917,0.13326713602460272,0.06630580869157443,0.32989790719220835,0.4764474307133544,0.5715841320200146,0.6187568500769514,0.312251587238471,0.16943919906577976,0.2133076355800272
0.606534842414119,0.0,0.7173913043478259,0.0,0.374459712738469,0.2927289261112853,0.300027402570495,0.3638278845882872,0.25469264941305414,0.22028910722992434,0.42375707449500855,0.6104850712146728,0.28901113645511867,0.5846024550723501,0.2547976069355946,0.10675568955421233,0.37634639977077367,0.3519120768082873,0.5333826049171648,0.16843945817302775,0.3353600172097444,0.4921766683366242,0.6016754794528532
0.4489292181674576,0.0,0.6304347826086956,1.0,0.37655363690111754,0.3402132975281016,0.271052526049151,0.3025134359914796,0.03609127281122604,0.051455045054469406,0.08802224727373087,0.6552474673437187,0.3148877978078821,0.4327049776395948,0.11829214565762425,0.08306339431526066,0.5632909628298339,0.2513124095833952,0.3500982427311763,0.44670670162758563,0.2190772418867326,0.1430246720505608,0.16526312488047834
0.3555739113414872,0.0,0.6956521739130435,0.0,0.3537303524364912,0.2899543732642518,0.05138951083069898,0.07995471732351067,0.12264695211830767,0.045929966981012815,0.33668844614181204,0.590840387846125,0.11371525211475886,0.2387902592529696,0.02503181953400202,0.03888198492754369,0.4621090409608799,0.6415089245051728,0.682796706330608,0.5404907117641375,0.6483376405371868,0.3036421499609696,0.3871813026640418
0.4387699521040264,0.0,0.4347826086956521,1.0,0.544350787474031,0.4822036085054551,0.23932669879228197,0.24873578987958345,0.2413982682115594,0.18749655970692214,0.4585538121750332,0.7166276187620024,0.26290251299859513,0.3030332060365113,0.1000367209421209,0.0656456734625438,0.36234306171391495,0.7299454395229548,0.778417575724226,0.3939337808676897,0.398007949208369,0.34972176838618485,0.4625132080771399
0.6018671121496986,0.0,0.5434782608695652,1.0,0.13800447909795022,0.14449247104079355,0.4509109683801069,0.4747498214606072,0.1283383101743205,0.18013204986161868,0.13771050936364126,0.5979243180127376,0.2469858192317811,0.3426566280711991,0.1514736598554074,0.06686565759617069,0.40341543199071506,0.3411184867793,0.40131871061514834,0.3112528415356475,0.4320240844879444,0.24430631199044295,0.28598946018342364
0.4470071054730654,0.0,0.5217391304347825,0.0,0.3622010369743842,0.2659464062475796,0.284445699467321,0.29198596979367775,0.2999680332048742,0.3839969696724631,0.32037799659503996,0.45621177155558135,0.26472788798504476,0.19812291618585642,0.053354940279794816,0.05004626529142153,0.35514516756621806,0.9465456731735622,0.927945763940411,0.5321934997484603,0.23847167400807967,0.5664984311662427,0.6468198336399835
0.5381657979794316,0.0,0.7608695652173914,1.0,0.4819856519399348,0.38773280421381395,0.11034346782871407,0.09662297635306771,0.08803807600486102,0.05454563478657393,0.4145170938204572,0.5683424853315784,0.20990978493474355,0.34772324480615935,0.07032128334032905,0.09427054060310158,0.5948609087229872,0.3936322709050992,0.5215965606030994,0.4030978084078223,0.3735389882524045,0.35344175508627473,0.4341602854804272
0.5345963748748133,0.0,0.7826086956521738,1.0,0.16996336331155648,0.15044582122646277,0.11029969055145994,0.14484751464229229,0.06795303418163734,0.002097959198580579,0.3723766852252339,0.5848236694594537,0.30065775659291605,0.09715461846515194,0.1441593553052256,0.061846556341076386,0.5990072792829766,0.5680235882709077,0.6463328089926015,0.39940231051503927,0.4194002678724167,0.31160484389185483,0.3789152043529267
0.5307523499253315,0.0,0.6956521739130435,0.0,0.3928915535164199,0.3356819812362555,0.24831173431537046,0.2650803066409786,0.10150091714257448,0.12487579074565736,0.1138234482123961,0.7199384710978283,0.374462640077442,0.27362546284805234,0.12915448106426441,0.07632387418632003,0.4232954893865628,0.2319174290512791,0.3035513015857354,0.5430757824523673,0.4759701507054106,0.10578044214135729,0.13044542618201005
0.5085118053237281,0.0,0.7391304347826086,0.0,0.24405950292698897,0.13038736067260226,0.12205572747141114,0.14842173925893976,0.034333352784028826,0.12979407286090738,0.05025077071734252,0.45224741423271153,0.3247924280292094,0.4638777486025656,0.10993733894969071,0.12173483777440919,0.5799533742358651,0.4174821536897775,0.5897540563669448,0.4918181071228309,0.255738917651259,0.25752040917837227,0.3482946696683151
0.4868204644118515,0.0,0.7391304347826086,0.0,0.2633602034975797,0.16821482232321205,0.20075925170931908,0.22495619856467375,0.14328202578147398,0.10622138034862838,0.1877317903648832,0.523248045574835,0.11729474575513121,0.3677078298431944,0.15563612127238313,0.05595039834405946,0.3982845910880357,0.6380917693663295,0.7090874289151461,0.5800348455996858,0.4008285622254122,0.32370762782118967,0.42167426376852735
0.5260846196609108,0.0,0.6739130434782608,1.0,0.2953547081689232,0.27877380178343625,0.14881868186952363,0.2304543183163208,0.08502761575912265,0.13730884688158784,0.30696521419040135,0.6845425804521943,0.09321616972955171,0.46266864651690076,0.27112189949147614,0.10155356077261535,0.7670127735863161,0.31091941574147475,0.42562868706725276,0.45081686792258857,0.4499650141002045,0.19996065592576406,0.26310489662658654
0.4879187715716536,0.0,0.6086956521739131,0.0,0.5893184723852403,0.500936751604605,0.21014897641373897,0.24760990912533964,0.08660083874781499,0.032152098650518046,0.06780011963373767,0.5948037468417919,0.08354122747371262,0.3496505506277028,0.24387957885471434,0.021890331421380194,0.3762382529720867,0.40596613086234123,0.514403399549535,0.6234753248275862,0.37545963691329964,0.26217649805475385,0.30133317272237514
0.46320701080558263,0.0,0.4130434782608696,1.0,0.39019382767311406,0.33259272216351654,0.4425612046437333,0.4041231430356578,0.21107294264497323,0.2900643814163911,0.09404477062531669,0.5670282874016297,0.3310652594299035,0.2650316935702768,0.01908221189568371,0.06809580992571429,0.2886839426532086,0.5826942543191462,0.6802438658775622,0.3849292781358278,0.18451586437485656,0.3774597888325564,0.4393302745087371
0.3951125682157585,0.0,0.6086956521739131,1.0,0.23997048391090203,0.21002314771962682,0.1291098843076841,0.17450739280247385,0.06439558655263489,0.06402297372281318,0.07281093268301664,0.6705967480889024,0.2626114232997594,0.3775522141954102,0.2591466161719753,0.06294970590985516,0.44774447029809483,0.6366163023801281,0.7169435267954556,0.5987999121652559,0.4107802341967004,0.2283414904323997,0.2550255918203872
